shortName,Tag_ID,MacroCategory,IssueType
acalc,IP,I,mt
ADCPU−16Emu,I,I,mt
adventures−of−kobe,SI,I,mt
AIRS,SI,I,mt
ametro,PI,I,mt
android_firewall,H,H,mt
android_packages_apps_Focal,IP,I,mt
android−branch−deep−linking,H,H,mt
android−chess,DP,D,mt
android−CPU−tuner,IP,I,mt
android−diversidade−app,I,I,mt
android−manet−manager,DP,D,mt
android−quill,I,I,mt
Android−SecretCodes,H,H,mt
android−simple−gameapi,PI,I,mt
Android−Spacecraft−Game,SI,I,mt
android−tvheadend,IH,H,mt
android−wear−expense−tracker,I,I,mt
android−WebSearch,PI,I,mt
AndroidBootcampProject,PI,I,mt
AndroidCrazyFlieTwitch,PD,D,mt
AndroidTaigiDict,I,I,mt
ASNE,I,I,mt
AttysScope,SI,I,mt
bachamada,SI,I,mt
Barlift−Android,SI,I,mt
BART,DP,D,mt
BatteryFu,IH,H,mt
batterylogger,IP,I,mt
Billy,IH,H,mt
Biology−MCQ−Android−Application,SD,D,mt
BirdWalk,DP,D,mt
BitcoinChecker,D,D,mt
BuckeyeBuilder,IP,I,mt
buddycloud−android,I,I,mt
bullshit−bingo−champion,I,I,mt
BusFollower,IP,I,mt
Bussan,IH,H,mt
CalculateYgsLysScore,IH,H,mt
calculator−v2,IH,H,mt
CapitalBooze,IP,I,mt
CB−News,H,H,mt
CdlUI,IP,I,mt
chinese−checkers,SD,D,mt
ChordCalcComposer,IP,I,mt
CinemaBase.github.io,H,H,mt
CineTime,H,H,mt
clash_of_balls,H,H,mt
CoinFlip,I,I,mt
cominghome,H,H,mt
Commandr−Android,IP,I,mt
Convention,SI,I,mt
CropImage,SI,I,mt
cryptogram,IP,I,mt
currency−and−stock−widget,SI,I,mt
DashProject,DP,D,mt
datFM,IP,I,mt
DATX02_15_36,IH,H,mt
DBP2P,H,H,mt
DctvAndroid,PI,I,mt
deckerino,IP,I,mt
DedicaMNS,IP,I,mt
DroidBeard,IP,I,mt
droidling,PD,D,mt
DroidPersianCalendar,D,D,mt
Drupal−Editor,SD,D,mt
Dual−Battery−Widget,PI,I,mt
Easy_xkcd,H,H,mt
EmailPopup,PI,I,mt
Expense−Tracker−App,IP,I,mt
Facebook−Contact−Sync,I,I,mt
FaceSlim,D,D,mt
ferticalc,H,H,mt
FileController,H,H,mt
Flippit,IP,I,mt
ForceDoze,IP,I,mt
Fruit−Destroyer,I,I,mt
FruPic−App,DP,D,mt
GBHS−Android,DP,D,mt
Gidder,PI,I,mt
GlidePlayer,I,I,mt
GlobalTv−Android,SD,D,mt
ham.android,DP,D,mt
Handbook_for_Melee,D,D,mt
HansaVK,H,H,mt
HappyWifi,IP,I,mt
hearing−saver,F,F,mt
how−far,IP,I,mt
intent−intercept,DP,D,mt
iosched,H,H,mt
IRRemote,SI,I,mt
java−android−developertools,IH,H,mt
jcertif−android−2012,I,I,mt
jkl,DP,D,mt
jumplings,I,I,mt
KeepScore,IP,I,mt
kegs,H,H,mt
klingon−assistant,DP,D,mt
LinuxZaSve_mobile,H,H,mt
LocusAddonGeogetDatabase,H,H,mt
LucidLink,IP,I,mt
masterpassword,H,H,mt
materialistic,DP,D,mt
mathtools,PI,I,mt
Meadows,SI,I,mt
meeba,IP,I,mt
memo,I,I,mt
MifareClassicTool,IH,H,mt
MijnWindesheim,H,H,mt
MLManager,PD,D,mt
Mobike−MOBAPP,I,I,mt
moscrop−secondary−app,IP,I,mt
msg,SD,D,mt
Multi−Cal,SD,D,mt
my_ip_address_info,H,H,mt
My−Cashbook,H,H,mt
MyAppList,PI,I,mt
MySound,PI,I,mt
na4lapy−android,H,H,mt
NAO−Com,H,H,mt
narmon−client,H,H,mt
NFCMessageBoard,IP,I,mt
NinjaLeanJapanese,IH,H,mt
NoTauLabsNag,PI,I,mt
NotePad,IP,I,mt
nuntius−android,IH,H,mt
Open_SNS,IP,I,mt
Open−Reminder,H,H,mt
OpenCamera,IH,H,mt
opencomicreader,IP,I,mt
Orpheus,IH,H,mt
PADFriendFinder−Android,H,H,mt
PalaceGame,IP,I,mt
pandt2,IP,I,mt
Peak_Fresh,IP,I,mt
PepeSnap,DP,D,mt
Permission−Nanny,F,F,mt
PictureTrack,PI,I,mt
PixelDungRemix,F,F,mt
pMetro,PD,D,mt
Podcasts−RAC1−Android,PI,I,mt
pOT−Droid,IP,I,mt
prettygoodmusicplayer,SI,I,mt
prevo,IP,I,mt
Produce−Price−Checker,IP,I,mt
quotograph,IH,H,mt
RadyoMenemenPro,IH,H,mt
Reaction,SI,I,mt
redbus,SD,D,mt
RedReader,PI,I,mt
reminders,IH,H,mt
RemoteDroid,IP,I,mt
ringdroid,D,D,mt
Safegees,IH,H,mt
sailtrainer,IP,I,mt
SamaraTransport,I,I,mt
sdEncuentro,D,D,mt
secrecy,I,I,mt
SendWithFtp,I,I,mt
SGit,IP,I,mt
sgpAndroid,I,I,mt
ShatteredPixelDungeon,F,F,mt
sigfood,SI,I,mt
signaltracker,IH,H,mt
Simple−Dilbert,IH,H,mt
SimpleRunTracker,IP,I,mt
sipswitch,F,F,mt
smartcoins−wallet,IH,H,mt
smartnavi,H,H,mt
smooth−app−bar−layout,SI,I,mt
Snake−2,IP,I,mt
sokobug,H,H,mt
songsandhymnsoflife,H,H,mt
speedofsound,IP,I,mt
sporthenon,SI,I,mt
spotify−tv,I,I,mt
SRBase,SD,D,mt
StarfieldScreensaver,SD,D,mt
SteamworksScoutingApp,I,I,mt
swipe−box,H,H,mt
TD,H,H,mt
tiempobus,SI,I,mt
timelapse−sony,DP,D,mt
Timer,SI,I,mt
TowerCollector,H,H,mt
Train,IH,H,mt
Traktoid,H,H,mt
transport−live,PI,I,mt
TransportsRennes,IP,I,mt
Ursmu,SD,D,mt
VDiary,H,H,mt
VideoInfoViewer,DP,D,mt
vimtouch_adbshell,PD,D,mt
vJoy,DP,D,mt
Wallet32,SI,I,mt
wear−notify−for−reddit,F,F,mt
WhatSongIsItAnyway,IP,I,mt
WhosMakingTheBrew,H,H,mt
WingIt,I,I,mt
Winnipeg−Transit−Plus,PI,I,mt
WITRoomFinder,SI,I,mt
WortschatzGradle,IH,H,mt
XAlarm,DP,D,mt
Yut,DP,D,mt
zulip−android,SI,I,mt
acalc,H,H,us
ADCPU−16Emu,I,I,us
adventures−of−kobe,H,H,us
AIRS,PI,I,us
ametro,H,H,us
android_firewall,H,H,us
android_packages_apps_Focal,SI,I,us
android−branch−deep−linking,D,D,us
android−chess,DP,D,us
android−CPU−tuner,PI,I,us
android−diversidade−app,SI,I,us
android−manet−manager,I,I,us
android−quill,DP,D,us
Android−SecretCodes,H,H,us
android−simple−gameapi,DP,D,us
Android−Spacecraft−Game,IP,I,us
android−tvheadend,H,H,us
android−wear−expense−tracker,I,I,us
android−WebSearch,I,I,us
AndroidBootcampProject,C ,C ,us
AndroidCrazyFlieTwitch,H,H,us
AndroidTaigiDict,IP,I,us
ASNE,IP,I,us
AttysScope,IP,I,us
bachamada,IP,I,us
Barlift−Android,IH,H,us
BART,F,F,us
BatteryFu,IH,H,us
batterylogger,H,H,us
Billy,I,I,us
Biology−MCQ−Android−Application,H,H,us
BirdWalk,DP,D,us
BitcoinChecker,SD,D,us
BuckeyeBuilder,SI,I,us
buddycloud−android,IH,H,us
bullshit−bingo−champion,IH,H,us
BusFollower,IP,I,us
Bussan,SI,I,us
CalculateYgsLysScore,IP,I,us
calculator−v2,IH,H,us
CapitalBooze,IP,I,us
CB−News,IP,I,us
CdlUI,SI,I,us
chinese−checkers,H,H,us
ChordCalcComposer,I,I,us
CinemaBase.github.io,IP,I,us
CineTime,IH,H,us
clash_of_balls,IP,I,us
CoinFlip,IP,I,us
cominghome,H,H,us
Commandr−Android,IP,I,us
Convention,H,H,us
CropImage,SI,I,us
cryptogram,IP,I,us
currency−and−stock−widget,IP,I,us
DashProject,DP,D,us
datFM,PD,D,us
DATX02_15_36,SI,I,us
DBP2P,IP,I,us
DctvAndroid,PI,I,us
deckerino,H,H,us
DedicaMNS,I,I,us
DroidBeard,IP,I,us
droidling,IP,I,us
DroidPersianCalendar,IP,I,us
Drupal−Editor,DP,D,us
Dual−Battery−Widget,H,H,us
Easy_xkcd,H,H,us
EmailPopup,IH,H,us
Expense−Tracker−App,PD,D,us
Facebook−Contact−Sync,PI,I,us
FaceSlim,DP,D,us
ferticalc,IP,I,us
FileController,PD,D,us
Flippit,IP,I,us
ForceDoze,IH,H,us
Fruit−Destroyer,I,I,us
FruPic−App,H,H,us
GBHS−Android,I,I,us
Gidder,IP,I,us
GlidePlayer,I,I,us
GlobalTv−Android,D,D,us
ham.android,H,H,us
Handbook_for_Melee,IH,H,us
HansaVK,H,H,us
HappyWifi,D,D,us
hearing−saver,SD,D,us
how−far,H,H,us
intent−intercept,IH,H,us
iosched,H,H,us
IRRemote,PI,I,us
java−android−developertools,SI,I,us
jcertif−android−2012,SI,I,us
jkl,IP,I,us
jumplings,IH,H,us
KeepScore,IP,I,us
kegs,SD,D,us
klingon−assistant,H,H,us
LinuxZaSve_mobile,H,H,us
LocusAddonGeogetDatabase,H,H,us
LucidLink,H,H,us
masterpassword,H,H,us
materialistic,SD,D,us
mathtools,IH,H,us
Meadows,IP,I,us
meeba,IP,I,us
memo,PI,I,us
MifareClassicTool,IP,I,us
MijnWindesheim,IP,I,us
MLManager,DP,D,us
Mobike−MOBAPP,SI,I,us
moscrop−secondary−app,PI,I,us
msg,DP,D,us
Multi−Cal,IP,I,us
my_ip_address_info,F,F,us
My−Cashbook,F,F,us
MyAppList,SD,D,us
MySound,I,I,us
na4lapy−android,I,I,us
NAO−Com,H,H,us
narmon−client,DP,D,us
NFCMessageBoard,IH,H,us
NinjaLeanJapanese,IP,I,us
NoTauLabsNag,I,I,us
NotePad,PI,I,us
nuntius−android,DP,D,us
Open_SNS,H,H,us
Open−Reminder,H,H,us
OpenCamera,DP,D,us
opencomicreader,SI,I,us
Orpheus,SD,D,us
PADFriendFinder−Android,DP,D,us
PalaceGame,I,I,us
pandt2,SI,I,us
Peak_Fresh,SI,I,us
PepeSnap,DP,D,us
Permission−Nanny,H,H,us
PictureTrack,PI,I,us
PixelDungRemix,F,F,us
pMetro,PI,I,us
Podcasts−RAC1−Android,H,H,us
pOT−Droid,SI,I,us
prettygoodmusicplayer,IP,I,us
prevo,H,H,us
Produce−Price−Checker,H,H,us
quotograph,IH,H,us
RadyoMenemenPro,IH,H,us
Reaction,H,H,us
redbus,DP,D,us
RedReader,DP,D,us
reminders,IH,H,us
RemoteDroid,DP,D,us
ringdroid,DP,D,us
Safegees,I,I,us
sailtrainer,H,H,us
SamaraTransport,D,D,us
sdEncuentro,PD,D,us
secrecy,SD,D,us
SendWithFtp,PI,I,us
SGit,I,I,us
sgpAndroid,DP,D,us
ShatteredPixelDungeon,H,H,us
sigfood,D,D,us
signaltracker,F,F,us
Simple−Dilbert,PI,I,us
SimpleRunTracker,IP,I,us
sipswitch,F,F,us
smartcoins−wallet,DP,D,us
smartnavi,H,H,us
smooth−app−bar−layout,SI,I,us
Snake−2,SI,I,us
sokobug,D,D,us
songsandhymnsoflife,PI,I,us
speedofsound,IP,I,us
sporthenon,PI,I,us
spotify−tv,PI,I,us
SRBase,PD,D,us
StarfieldScreensaver,IP,I,us
SteamworksScoutingApp,PI,I,us
swipe−box,I,I,us
TD,F,F,us
tiempobus,SI,I,us
timelapse−sony,IH,H,us
Timer,IP,I,us
TowerCollector,PD,D,us
Train,DP,D,us
Traktoid,D,D,us
transport−live,IH,H,us
TransportsRennes,IP,I,us
Ursmu,D,D,us
VDiary,I,I,us
VideoInfoViewer,SI,I,us
vimtouch_adbshell,PD,D,us
vJoy,H,H,us
Wallet32,F,F,us
wear−notify−for−reddit,F,F,us
WhatSongIsItAnyway,SI,I,us
WhosMakingTheBrew,SD,D,us
WingIt,IP,I,us
Winnipeg−Transit−Plus,IH,H,us
WITRoomFinder,PI,I,us
WortschatzGradle,PI,I,us
XAlarm,IP,I,us
Yut,H,H,us
zulip−android,PD,D,us
acalc,IH,H,uc
ADCPU−16Emu,D,D,uc
adventures−of−kobe,H,H,uc
AIRS,DP,D,uc
ametro,PD,D,uc
android_firewall,IH,H,uc
android_packages_apps_Focal,SI,I,uc
android−branch−deep−linking,DP,D,uc
android−chess,PD,D,uc
android−CPU−tuner,PD,D,uc
android−diversidade−app,SI,I,uc
android−manet−manager,IP,I,uc
android−quill,PI,I,uc
Android−SecretCodes,IP,I,uc
android−simple−gameapi,C ,C ,uc
Android−Spacecraft−Game,PI,I,uc
android−tvheadend,IH,H,uc
android−wear−expense−tracker,C ,C ,uc
android−WebSearch,C ,C ,uc
AndroidBootcampProject,C ,C ,uc
AndroidCrazyFlieTwitch,DP,D,uc
AndroidTaigiDict,I,I,uc
ASNE,IP,I,uc
AttysScope,D,D,uc
bachamada,I,I,uc
Barlift−Android,H,H,uc
BART,I,I,uc
BatteryFu,H,H,uc
batterylogger,H,H,uc
Billy,IP,I,uc
Biology−MCQ−Android−Application,C ,C ,uc
BirdWalk,C ,C ,uc
BitcoinChecker,C ,C ,uc
BuckeyeBuilder,I,I,uc
buddycloud−android,PI,I,uc
bullshit−bingo−champion,I,I,uc
BusFollower,IH,H,uc
Bussan,C ,C ,uc
CalculateYgsLysScore,DP,D,uc
calculator−v2,IH,H,uc
CapitalBooze,IP,I,uc
CB−News,DP,D,uc
CdlUI,PI,I,uc
chinese−checkers,DP,D,uc
ChordCalcComposer,IP,I,uc
CinemaBase.github.io,C ,C ,uc
CineTime,PI,I,uc
clash_of_balls,IP,I,uc
CoinFlip,C ,C ,uc
cominghome,IH,H,uc
Commandr−Android,D,D,uc
Convention,IP,I,uc
CropImage,IP,I,uc
cryptogram,I,I,uc
currency−and−stock−widget,I,I,uc
DashProject,D,D,uc
datFM,F,F,uc
DATX02_15_36,PI,I,uc
DBP2P,H,H,uc
DctvAndroid,PD,D,uc
deckerino,I,I,uc
DedicaMNS,I,I,uc
DroidBeard,IP,I,uc
droidling,H,H,uc
DroidPersianCalendar,DP,D,uc
Drupal−Editor,DP,D,uc
Dual−Battery−Widget,DP,D,uc
Easy_xkcd,I,I,uc
EmailPopup,PI,I,uc
Expense−Tracker−App,I,I,uc
Facebook−Contact−Sync,DP,D,uc
FaceSlim,D,D,uc
ferticalc,DP,D,uc
FileController,DP,D,uc
Flippit,F,F,uc
ForceDoze,SI,I,uc
Fruit−Destroyer,I,I,uc
FruPic−App,PI,I,uc
GBHS−Android,IP,I,uc
Gidder,IP,I,uc
GlidePlayer,IP,I,uc
GlobalTv−Android,SD,D,uc
ham.android,SI,I,uc
Handbook_for_Melee,PD,D,uc
HansaVK,I,I,uc
HappyWifi,IP,I,uc
hearing−saver,C ,C ,uc
how−far,C ,C ,uc
intent−intercept,DP,D,uc
iosched,F,F,uc
IRRemote,DP,D,uc
java−android−developertools,PI,I,uc
jcertif−android−2012,PI,I,uc
jkl,H,H,uc
jumplings,IH,H,uc
KeepScore,IP,I,uc
kegs,PI,I,uc
klingon−assistant,PD,D,uc
LinuxZaSve_mobile,SD,D,uc
LocusAddonGeogetDatabase,SD,D,uc
LucidLink,H,H,uc
masterpassword,IP,I,uc
materialistic,I,I,uc
mathtools,H,H,uc
Meadows,H,H,uc
meeba,IP,I,uc
memo,I,I,uc
MifareClassicTool,H,H,uc
MijnWindesheim,SD,D,uc
MLManager,IP,I,uc
Mobike−MOBAPP,I,I,uc
moscrop−secondary−app,IH,H,uc
msg,SD,D,uc
Multi−Cal,PI,I,uc
my_ip_address_info,H,H,uc
My−Cashbook,C ,C ,uc
MyAppList,PI,I,uc
MySound,PI,I,uc
na4lapy−android,IP,I,uc
NAO−Com,IP,I,uc
narmon−client,I,I,uc
NFCMessageBoard,IP,I,uc
NinjaLeanJapanese,IP,I,uc
NoTauLabsNag,IP,I,uc
NotePad,DP,D,uc
nuntius−android,H,H,uc
Open_SNS,H,H,uc
Open−Reminder,H,H,uc
OpenCamera,DP,D,uc
opencomicreader,SD,D,uc
Orpheus,PD,D,uc
PADFriendFinder−Android,IP,I,uc
PalaceGame,IH,H,uc
pandt2,SI,I,uc
Peak_Fresh,PI,I,uc
PepeSnap,IP,I,uc
Permission−Nanny,D,D,uc
PictureTrack,I,I,uc
PixelDungRemix,F,F,uc
pMetro,PD,D,uc
Podcasts−RAC1−Android,H,H,uc
pOT−Droid,SI,I,uc
prettygoodmusicplayer,SI,I,uc
prevo,IP,I,uc
Produce−Price−Checker,C ,C ,uc
quotograph,SI,I,uc
RadyoMenemenPro,SI,I,uc
Reaction,IP,I,uc
redbus,PD,D,uc
RedReader,IP,I,uc
reminders,DP,D,uc
RemoteDroid,DP,D,uc
ringdroid,H,H,uc
Safegees,I,I,uc
sailtrainer,I,I,uc
SamaraTransport,D,D,uc
sdEncuentro,DP,D,uc
secrecy,D,D,uc
SendWithFtp,SD,D,uc
SGit,DP,D,uc
sgpAndroid,SI,I,uc
ShatteredPixelDungeon,SI,I,uc
sigfood,DP,D,uc
signaltracker,PI,I,uc
Simple−Dilbert,H,H,uc
SimpleRunTracker,IP,I,uc
sipswitch,C ,C ,uc
smartcoins−wallet,PD,D,uc
smartnavi,H,H,uc
smooth−app−bar−layout,I,I,uc
Snake−2,I,I,uc
sokobug,H,H,uc
songsandhymnsoflife,C ,C ,uc
speedofsound,H,H,uc
sporthenon,IP,I,uc
spotify−tv,PI,I,uc
SRBase,PD,D,uc
StarfieldScreensaver,H,H,uc
SteamworksScoutingApp,H,H,uc
swipe−box,PI,I,uc
TD,I,I,uc
tiempobus,SI,I,uc
timelapse−sony,IP,I,uc
Timer,IP,I,uc
TowerCollector,SD,D,uc
Train,D,D,uc
Traktoid,PD,D,uc
transport−live,IP,I,uc
TransportsRennes,H,H,uc
Ursmu,I,I,uc
VDiary,SI,I,uc
VideoInfoViewer,SI,I,uc
vimtouch_adbshell,F,F,uc
vJoy,SD,D,uc
Wallet32,IP,I,uc
wear−notify−for−reddit,SI,I,uc
WhatSongIsItAnyway,C ,C ,uc
WhosMakingTheBrew,PD,D,uc
WingIt,C ,C ,uc
Winnipeg−Transit−Plus,PI,I,uc
WITRoomFinder,SI,I,uc
WortschatzGradle,IP,I,uc
XAlarm,IP,I,uc
Yut,SD,D,uc
zulip−android,IP,I,uc
acalc,IP,I,mc
ADCPU−16Emu,SI,I,mc
adventures−of−kobe,I,I,mc
AIRS,SD,D,mc
ametro,SI,I,mc
android_firewall,F,F,mc
android_packages_apps_Focal,H,H,mc
android−branch−deep−linking,DP,D,mc
android−chess,H,H,mc
android−CPU−tuner,SD,D,mc
android−diversidade−app,PD,D,mc
android−manet−manager,IP,I,mc
android−quill,F,F,mc
Android−SecretCodes,H,H,mc
android−simple−gameapi,PI,I,mc
Android−Spacecraft−Game,SD,D,mc
android−tvheadend,H,H,mc
android−wear−expense−tracker,C ,C ,mc
android−WebSearch,C ,C ,mc
AndroidBootcampProject,C ,C ,mc
AndroidCrazyFlieTwitch,DP,D,mc
AndroidTaigiDict,IP,I,mc
ASNE,I,I,mc
AttysScope,H,H,mc
bachamada,SD,D,mc
Barlift−Android,IP,I,mc
BART,C ,C ,mc
BatteryFu,IH,H,mc
batterylogger,D,D,mc
Billy,IH,H,mc
Biology−MCQ−Android−Application,PI,I,mc
BirdWalk,F,F,mc
BitcoinChecker,IH,H,mc
BuckeyeBuilder,H,H,mc
buddycloud−android,I,I,mc
bullshit−bingo−champion,C ,C ,mc
BusFollower,IP,I,mc
Bussan,DP,D,mc
CalculateYgsLysScore,H,H,mc
calculator−v2,IP,I,mc
CapitalBooze,DP,D,mc
CB−News,IP,I,mc
CdlUI,H,H,mc
chinese−checkers,SI,I,mc
ChordCalcComposer,D,D,mc
CinemaBase.github.io,C ,C ,mc
CineTime,C ,C ,mc
clash_of_balls,IP,I,mc
CoinFlip,PI,I,mc
cominghome,SI,I,mc
Commandr−Android,DP,D,mc
Convention,SI,I,mc
CropImage,SD,D,mc
cryptogram,IP,I,mc
currency−and−stock−widget,F,F,mc
DashProject,SI,I,mc
datFM,IH,H,mc
DATX02_15_36,SI,I,mc
DBP2P,SI,I,mc
DctvAndroid,H,H,mc
deckerino,IP,I,mc
DedicaMNS,IP,I,mc
DroidBeard,IP,I,mc
droidling,C ,C ,mc
DroidPersianCalendar,H,H,mc
Drupal−Editor,H,H,mc
Dual−Battery−Widget,SI,I,mc
Easy_xkcd,IH,H,mc
EmailPopup,C ,C ,mc
Expense−Tracker−App,IP,I,mc
Facebook−Contact−Sync,H,H,mc
FaceSlim,SI,I,mc
ferticalc,C ,C ,mc
FileController,C ,C ,mc
Flippit,PD,D,mc
ForceDoze,D,D,mc
Fruit−Destroyer,PI,I,mc
FruPic−App,PI,I,mc
GBHS−Android,C ,C ,mc
Gidder,PI,I,mc
GlidePlayer,SI,I,mc
GlobalTv−Android,SI,I,mc
ham.android,IP,I,mc
Handbook_for_Melee,I,I,mc
HansaVK,IP,I,mc
HappyWifi,IP,I,mc
hearing−saver,IP,I,mc
how−far,C ,C ,mc
intent−intercept,C ,C ,mc
iosched,H,H,mc
IRRemote,SI,I,mc
java−android−developertools,C ,C ,mc
jcertif−android−2012,SI,I,mc
jkl,F,F,mc
jumplings,IH,H,mc
KeepScore,DP,D,mc
kegs,DP,D,mc
klingon−assistant,H,H,mc
LinuxZaSve_mobile,C ,C ,mc
LocusAddonGeogetDatabase,H,H,mc
LucidLink,IP,I,mc
masterpassword,I,I,mc
materialistic,SD,D,mc
mathtools,C ,C ,mc
Meadows,IP,I,mc
meeba,DP,D,mc
memo,H,H,mc
MifareClassicTool,H,H,mc
MijnWindesheim,SI,I,mc
MLManager,PD,D,mc
Mobike−MOBAPP,H,H,mc
moscrop−secondary−app,F,F,mc
msg,SD,D,mc
Multi−Cal,C ,C ,mc
my_ip_address_info,IP,I,mc
My−Cashbook,C ,C ,mc
MyAppList,SD,D,mc
MySound,PI,I,mc
na4lapy−android,PI,I,mc
NAO−Com,IP,I,mc
narmon−client,SI,I,mc
NFCMessageBoard,C ,C ,mc
NinjaLeanJapanese,PI,I,mc
NoTauLabsNag,DP,D,mc
NotePad,IP,I,mc
nuntius−android,C ,C ,mc
Open_SNS,I,I,mc
Open−Reminder,IP,I,mc
OpenCamera,I,I,mc
opencomicreader,IP,I,mc
Orpheus,I,I,mc
PADFriendFinder−Android,IH,H,mc
PalaceGame,H,H,mc
pandt2,IP,I,mc
Peak_Fresh,C ,C ,mc
PepeSnap,C ,C ,mc
Permission−Nanny,SI,I,mc
PictureTrack,PD,D,mc
PixelDungRemix,PI,I,mc
pMetro,PD,D,mc
Podcasts−RAC1−Android,PD,D,mc
pOT−Droid,SD,D,mc
prettygoodmusicplayer,C ,C ,mc
prevo,C ,C ,mc
Produce−Price−Checker,H,H,mc
quotograph,I,I,mc
RadyoMenemenPro,DP,D,mc
Reaction,PI,I,mc
redbus,D,D,mc
RedReader,IH,H,mc
reminders,DP,D,mc
RemoteDroid,IP,I,mc
ringdroid,PD,D,mc
Safegees,IP,I,mc
sailtrainer,SD,D,mc
SamaraTransport,D,D,mc
sdEncuentro,D,D,mc
secrecy,IH,H,mc
SendWithFtp,C ,C ,mc
SGit,PD,D,mc
sgpAndroid,C ,C ,mc
ShatteredPixelDungeon,PI,I,mc
sigfood,C ,C ,mc
signaltracker,PI,I,mc
Simple−Dilbert,SD,D,mc
SimpleRunTracker,H,H,mc
sipswitch,C ,C ,mc
smartcoins−wallet,SI,I,mc
smartnavi,IH,H,mc
smooth−app−bar−layout,SI,I,mc
Snake−2,IH,H,mc
sokobug,IP,I,mc
songsandhymnsoflife,SI,I,mc
speedofsound,H,H,mc
sporthenon,SD,D,mc
spotify−tv,IH,H,mc
SRBase,PI,I,mc
StarfieldScreensaver,IP,I,mc
SteamworksScoutingApp,C ,C ,mc
swipe−box,PI,I,mc
TD,C ,C ,mc
tiempobus,IP,I,mc
timelapse−sony,IP,I,mc
Timer,SI,I,mc
TowerCollector,SI,I,mc
Train,IP,I,mc
Traktoid,F,F,mc
transport−live,SI,I,mc
TransportsRennes,DP,D,mc
Ursmu,SI,I,mc
VDiary,PI,I,mc
VideoInfoViewer,PI,I,mc
vimtouch_adbshell,DP,D,mc
vJoy,SD,D,mc
Wallet32,IP,I,mc
wear−notify−for−reddit,SI,I,mc
WhatSongIsItAnyway,C ,C ,mc
WhosMakingTheBrew,SI,I,mc
WingIt,PI,I,mc
Winnipeg−Transit−Plus,PD,D,mc
WITRoomFinder,C ,C ,mc
WortschatzGradle,SD,D,mc
XAlarm,IP,I,mc
Yut,PI,I,mc
zulip−android,PD,D,mc
acalc,H,H,dp
ADCPU−16Emu,I,I,dp
adventures−of−kobe,SI,I,dp
AIRS,SI,I,dp
ametro,PI,I,dp
android_firewall,H,H,dp
android_packages_apps_Focal,H,H,dp
android−branch−deep−linking,H,H,dp
android−chess,DP,D,dp
android−CPU−tuner,IP,I,dp
android−diversidade−app,I,I,dp
android−manet−manager,DP,D,dp
android−quill,SI,I,dp
Android−SecretCodes,PD,D,dp
android−simple−gameapi,F,F,dp
Android−Spacecraft−Game,PI,I,dp
android−tvheadend,IH,H,dp
android−wear−expense−tracker,SI,I,dp
android−WebSearch,I,I,dp
AndroidBootcampProject,PI,I,dp
AndroidCrazyFlieTwitch,H,H,dp
AndroidTaigiDict,PI,I,dp
ASNE,SI,I,dp
AttysScope,SI,I,dp
bachamada,SI,I,dp
Barlift−Android,SI,I,dp
BART,DP,D,dp
BatteryFu,DP,D,dp
batterylogger,PI,I,dp
Billy,IH,H,dp
Biology−MCQ−Android−Application,SD,D,dp
BirdWalk,DP,D,dp
BitcoinChecker,D,D,dp
BuckeyeBuilder,D,D,dp
buddycloud−android,SI,I,dp
bullshit−bingo−champion,IP,I,dp
BusFollower,IP,I,dp
Bussan,IH,H,dp
CalculateYgsLysScore,IH,H,dp
calculator−v2,IH,H,dp
CapitalBooze,H,H,dp
CB−News,H,H,dp
CdlUI,PD,D,dp
chinese−checkers,DP,D,dp
ChordCalcComposer,H,H,dp
CinemaBase.github.io,H,H,dp
CineTime,H,H,dp
clash_of_balls,DP,D,dp
CoinFlip,I,I,dp
cominghome,H,H,dp
Commandr−Android,IP,I,dp
Convention,SI,I,dp
CropImage,IH,H,dp
cryptogram,H,H,dp
currency−and−stock−widget,I,I,dp
DashProject,IH,H,dp
datFM,SI,I,dp
DATX02_15_36,IH,H,dp
DBP2P,H,H,dp
DctvAndroid,PI,I,dp
deckerino,IP,I,dp
DedicaMNS,IP,I,dp
DroidBeard,I,I,dp
droidling,SD,D,dp
DroidPersianCalendar,SD,D,dp
Drupal−Editor,IP,I,dp
Dual−Battery−Widget,PI,I,dp
Easy_xkcd,H,H,dp
EmailPopup,IP,I,dp
Expense−Tracker−App,IP,I,dp
Facebook−Contact−Sync,SI,I,dp
FaceSlim,H,H,dp
ferticalc,H,H,dp
FileController,IP,I,dp
Flippit,IP,I,dp
ForceDoze,IP,I,dp
Fruit−Destroyer,F,F,dp
FruPic−App,DP,D,dp
GBHS−Android,DP,D,dp
Gidder,PI,I,dp
GlidePlayer,SI,I,dp
GlobalTv−Android,SD,D,dp
ham.android,DP,D,dp
Handbook_for_Melee,PD,D,dp
HansaVK,H,H,dp
HappyWifi,IP,I,dp
hearing−saver,PI,I,dp
how−far,C ,C ,dp
intent−intercept,DP,D,dp
iosched,F,F,dp
IRRemote,IP,I,dp
java−android−developertools,IH,H,dp
jcertif−android−2012,I,I,dp
jkl,DP,D,dp
jumplings,SI,I,dp
KeepScore,F,F,dp
kegs,H,H,dp
klingon−assistant,DP,D,dp
LinuxZaSve_mobile,H,H,dp
LocusAddonGeogetDatabase,H,H,dp
LucidLink,PI,I,dp
masterpassword,H,H,dp
materialistic,IH,H,dp
mathtools,H,H,dp
Meadows,I,I,dp
meeba,I,I,dp
memo,PI,I,dp
MifareClassicTool,IH,H,dp
MijnWindesheim,H,H,dp
MLManager,F,F,dp
Mobike−MOBAPP,SI,I,dp
moscrop−secondary−app,IP,I,dp
msg,SD,D,dp
Multi−Cal,DP,D,dp
my_ip_address_info,H,H,dp
My−Cashbook,C ,C ,dp
MyAppList,PI,I,dp
MySound,PI,I,dp
na4lapy−android,H,H,dp
NAO−Com,H,H,dp
narmon−client,H,H,dp
NFCMessageBoard,IP,I,dp
NinjaLeanJapanese,IH,H,dp
NoTauLabsNag,PI,I,dp
NotePad,IP,I,dp
nuntius−android,PI,I,dp
Open_SNS,IP,I,dp
Open−Reminder,H,H,dp
OpenCamera,IH,H,dp
opencomicreader,I,I,dp
Orpheus,IH,H,dp
PADFriendFinder−Android,H,H,dp
PalaceGame,IP,I,dp
pandt2,IP,I,dp
Peak_Fresh,IP,I,dp
PepeSnap,DP,D,dp
Permission−Nanny,F,F,dp
PictureTrack,PI,I,dp
PixelDungRemix,F,F,dp
pMetro,PD,D,dp
Podcasts−RAC1−Android,PI,I,dp
pOT−Droid,H,H,dp
prettygoodmusicplayer,IP,I,dp
prevo,SI,I,dp
Produce−Price−Checker,SI,I,dp
quotograph,H,H,dp
RadyoMenemenPro,IH,H,dp
Reaction,PI,I,dp
redbus,SD,D,dp
RedReader,PI,I,dp
reminders,IH,H,dp
RemoteDroid,IP,I,dp
ringdroid,D,D,dp
Safegees,D,D,dp
sailtrainer,IP,I,dp
SamaraTransport,I,I,dp
sdEncuentro,D,D,dp
secrecy,SI,I,dp
SendWithFtp,C ,C ,dp
SGit,IP,I,dp
sgpAndroid,PI,I,dp
ShatteredPixelDungeon,D,D,dp
sigfood,IP,I,dp
signaltracker,IH,H,dp
Simple−Dilbert,IH,H,dp
SimpleRunTracker,H,H,dp
sipswitch,F,F,dp
smartcoins−wallet,IH,H,dp
smartnavi,H,H,dp
smooth−app−bar−layout,SI,I,dp
Snake−2,IP,I,dp
sokobug,H,H,dp
songsandhymnsoflife,H,H,dp
speedofsound,H,H,dp
sporthenon,SI,I,dp
spotify−tv,H,H,dp
SRBase,DP,D,dp
StarfieldScreensaver,DP,D,dp
SteamworksScoutingApp,IP,I,dp
swipe−box,H,H,dp
TD,PD,D,dp
tiempobus,SI,I,dp
timelapse−sony,SI,I,dp
Timer,SI,I,dp
TowerCollector,I,I,dp
Train,SI,I,dp
Traktoid,H,H,dp
transport−live,IH,H,dp
TransportsRennes,IP,I,dp
Ursmu,SD,D,dp
VDiary,H,H,dp
VideoInfoViewer,DP,D,dp
vimtouch_adbshell,SD,D,dp
vJoy,DP,D,dp
Wallet32,SI,I,dp
wear−notify−for−reddit,IH,H,dp
WhatSongIsItAnyway,H,H,dp
WhosMakingTheBrew,H,H,dp
WingIt,IH,H,dp
Winnipeg−Transit−Plus,I,I,dp
WITRoomFinder,I,I,dp
WortschatzGradle,IH,H,dp
XAlarm,DP,D,dp
Yut,D,D,dp
zulip−android,SI,I,dp
acalc,IH,H,ui
ADCPU−16Emu,SD,D,ui
adventures−of−kobe,H,H,ui
AIRS,SD,D,ui
ametro,IH,H,ui
android_firewall,SD,D,ui
android_packages_apps_Focal,IH,H,ui
android−branch−deep−linking,H,H,ui
android−chess,H,H,ui
android−CPU−tuner,D,D,ui
android−diversidade−app,SI,I,ui
android−manet−manager,IP,I,ui
android−quill,IP,I,ui
Android−SecretCodes,H,H,ui
android−simple−gameapi,PI,I,ui
Android−Spacecraft−Game,IP,I,ui
android−tvheadend,IH,H,ui
android−wear−expense−tracker,D,D,ui
android−WebSearch,PI,I,ui
AndroidBootcampProject,C ,C ,ui
AndroidCrazyFlieTwitch,SD,D,ui
AndroidTaigiDict,C ,C ,ui
ASNE,DP,D,ui
AttysScope,H,H,ui
bachamada,PD,D,ui
Barlift−Android,PD,D,ui
BART,SD,D,ui
BatteryFu,IH,H,ui
batterylogger,IH,H,ui
Billy,F,F,ui
Biology−MCQ−Android−Application,SD,D,ui
BirdWalk,DP,D,ui
BitcoinChecker,H,H,ui
BuckeyeBuilder,H,H,ui
buddycloud−android,DP,D,ui
bullshit−bingo−champion,PI,I,ui
BusFollower,PD,D,ui
Bussan,C ,C ,ui
CalculateYgsLysScore,IH,H,ui
calculator−v2,C ,C ,ui
CapitalBooze,C ,C ,ui
CB−News,H,H,ui
CdlUI,IP,I,ui
chinese−checkers,IP,I,ui
ChordCalcComposer,PI,I,ui
CinemaBase.github.io,C ,C ,ui
CineTime,C ,C ,ui
clash_of_balls,IP,I,ui
CoinFlip,PI,I,ui
cominghome,D,D,ui
Commandr−Android,SI,I,ui
Convention,PD,D,ui
CropImage,H,H,ui
cryptogram,I,I,ui
currency−and−stock−widget,I,I,ui
DashProject,H,H,ui
datFM,PD,D,ui
DATX02_15_36,IP,I,ui
DBP2P,PI,I,ui
DctvAndroid,D,D,ui
deckerino,IP,I,ui
DedicaMNS,C ,C ,ui
DroidBeard,SI,I,ui
droidling,SI,I,ui
DroidPersianCalendar,H,H,ui
Drupal−Editor,D,D,ui
Dual−Battery−Widget,PI,I,ui
Easy_xkcd,H,H,ui
EmailPopup,C ,C ,ui
Expense−Tracker−App,DP,D,ui
Facebook−Contact−Sync,H,H,ui
FaceSlim,C ,C ,ui
ferticalc,C ,C ,ui
FileController,PI,I,ui
Flippit,I,I,ui
ForceDoze,C ,C ,ui
Fruit−Destroyer,H,H,ui
FruPic−App,IH,H,ui
GBHS−Android,SI,I,ui
Gidder,PD,D,ui
GlidePlayer,D,D,ui
GlobalTv−Android,PI,I,ui
ham.android,DP,D,ui
Handbook_for_Melee,H,H,ui
HansaVK,DP,D,ui
HappyWifi,C ,C ,ui
hearing−saver,C ,C ,ui
how−far,PI,I,ui
intent−intercept,F,F,ui
iosched,H,H,ui
IRRemote,PI,I,ui
java−android−developertools,C ,C ,ui
jcertif−android−2012,H,H,ui
jkl,H,H,ui
jumplings,PI,I,ui
KeepScore,IP,I,ui
kegs,PI,I,ui
klingon−assistant,D,D,ui
LinuxZaSve_mobile,IH,H,ui
LocusAddonGeogetDatabase,C ,C ,ui
LucidLink,H,H,ui
masterpassword,H,H,ui
materialistic,IP,I,ui
mathtools,C ,C ,ui
Meadows,IP,I,ui
meeba,DP,D,ui
memo,H,H,ui
MifareClassicTool,IH,H,ui
MijnWindesheim,IH,H,ui
MLManager,D,D,ui
Mobike−MOBAPP,IP,I,ui
moscrop−secondary−app,H,H,ui
msg,H,H,ui
Multi−Cal,PI,I,ui
my_ip_address_info,PI,I,ui
My−Cashbook,C ,C ,ui
MyAppList,PI,I,ui
MySound,H,H,ui
na4lapy−android,F,F,ui
NAO−Com,PI,I,ui
narmon−client,DP,D,ui
NFCMessageBoard,H,H,ui
NinjaLeanJapanese,IP,I,ui
NoTauLabsNag,SD,D,ui
NotePad,I,I,ui
nuntius−android,C ,C ,ui
Open_SNS,IP,I,ui
Open−Reminder,IH,H,ui
OpenCamera,SD,D,ui
opencomicreader,H,H,ui
Orpheus,IH,H,ui
PADFriendFinder−Android,DP,D,ui
PalaceGame,IP,I,ui
pandt2,PI,I,ui
Peak_Fresh,C ,C ,ui
PepeSnap,C ,C ,ui
Permission−Nanny,DP,D,ui
PictureTrack,PI,I,ui
PixelDungRemix,F,F,ui
pMetro,SD,D,ui
Podcasts−RAC1−Android,PI,I,ui
pOT−Droid,H,H,ui
prettygoodmusicplayer,C ,C ,ui
prevo,H,H,ui
Produce−Price−Checker,H,H,ui
quotograph,DP,D,ui
RadyoMenemenPro,IP,I,ui
Reaction,PI,I,ui
redbus,D,D,ui
RedReader,I,I,ui
reminders,C ,C ,ui
RemoteDroid,IP,I,ui
ringdroid,H,H,ui
Safegees,H,H,ui
sailtrainer,C ,C ,ui
SamaraTransport,DP,D,ui
sdEncuentro,PI,I,ui
secrecy,H,H,ui
SendWithFtp,H,H,ui
SGit,IH,H,ui
sgpAndroid,PI,I,ui
ShatteredPixelDungeon,PI,I,ui
sigfood,PI,I,ui
signaltracker,PI,I,ui
Simple−Dilbert,F,F,ui
SimpleRunTracker,IH,H,ui
sipswitch,C ,C ,ui
smartcoins−wallet,IP,I,ui
smartnavi,IH,H,ui
smooth−app−bar−layout,SD,D,ui
Snake−2,PD,D,ui
sokobug,H,H,ui
songsandhymnsoflife,DP,D,ui
speedofsound,H,H,ui
sporthenon,IP,I,ui
spotify−tv,H,H,ui
SRBase,IH,H,ui
StarfieldScreensaver,IP,I,ui
SteamworksScoutingApp,C ,C ,ui
swipe−box,H,H,ui
TD,C ,C ,ui
tiempobus,SD,D,ui
timelapse−sony,C ,C ,ui
Timer,IP,I,ui
TowerCollector,H,H,ui
Train,H,H,ui
Traktoid,H,H,ui
transport−live,SI,I,ui
TransportsRennes,DP,D,ui
Ursmu,IH,H,ui
VDiary,PI,I,ui
VideoInfoViewer,PI,I,ui
vimtouch_adbshell,H,H,ui
vJoy,SI,I,ui
Wallet32,IP,I,ui
wear−notify−for−reddit,I,I,ui
WhatSongIsItAnyway,H,H,ui
WhosMakingTheBrew,IP,I,ui
WingIt,I,I,ui
Winnipeg−Transit−Plus,DP,D,ui
WITRoomFinder,IH,H,ui
WortschatzGradle,DP,D,ui
XAlarm,DP,D,ui
Yut,PI,I,ui
zulip−android,IP,I,ui