"shortName","Repository","App","Source","StartTimestamp","EndTimestamp","TimestampDifference","TsDiffInWeeks","nSnapshots","Commits","stationary.mt_density","stationary.us_density","stationary.uc_density","stationary.ui_density","stationary.mc_density","stationary.dp_density","stationary.MAINTAINABILITY_VIOLATION","stationary.UNIT_SIZE_VIOLATION","stationary.UNIT_COMPLEXITY_VIOLATION","stationary.MODULE_COUPLING_VIOLATION","stationary.DUPLICATION_VIOLATION","stationary.UNIT_INTERFACING_VIOLATION"
"442repo","MemoryGroup/442repo","com.youngki.memory_project","G",1473376536,1481233763,7857227,12.9914467592593,9,491,0,0,0,NA,0,0,0,0,0,0,0,NA
"ADCPU-16Emu","sticksoft/ADCPU-16Emu","uk.co.sticksoft.adce","G",1333581844,1360279040,26697196,44.1421891534392,21,122,0,0,0,0,0,0,0,0,0,0,0,0
"AIRS","dirktrossen/AIRS","com.airs","F",1311767896,1420634200,108866304,180.00380952381,54,98,0,0,0,0,0,0,0,0,0,0,0,NA
"ASNE","gorbin/ASNE","com.gorbin.androidsocialnetworksextended.asne","F",1406789090,1484022438,77233348,127.700641534392,9,75,0,0,0,0,0,0,0,0,0,0,0,0
"AVARELOG","Claydot/AVARELOG","com.ds.avare&amp","G",1402226909,1479821816,77594907,128.29845734127,98,767,0,0,0,0,0,0,0,0,0,0,0,0
"Android-Notification","WaniKani/Android-Notification","com.wanikani.androidnotifier","G",1368284830,1448531396,80246566,132.682814153439,52,787,0,0,0,0,0,0,0,0,0,0,0,0
"Android-Orma","gfx/Android-Orma","com.cookpad.android.activities","G",1447028788,1493360320,46331532,76.6063690476191,43,1104,0,0,0,0,0,0,0,0,0,0,0,0
"Android-PreferencesManager","SimonMarquis/Android-PreferencesManager","fr.simon.marquis.preferencesmanager","F",1369004608,1462991121,93986513,155.400980489418,27,189,0,0,0,0,0,0,0,0,0,0,0,0
"Android-SecretCodes","SimonMarquis/Android-SecretCodes","fr.simon.marquis.secretcodes","F",1379531500,1486289171,106757671,176.517313161376,11,62,0,0,0,0,0,0,0,0,0,0,0,0
"Android-Spacecraft-Game","aaronistheman/Android-Spacecraft-Game","enterprises.wayne.spacecraftgame&amp","G",1451190561,1470809647,19619086,32.4389649470899,16,234,0,0,0,0,0,0,0,0,0,NA,0,0
"AndroidAccelerate","NyamEnkhbat/AndroidAccelerate","eu.isawsm.accelerate","G",1422457143,1443042408,20585265,34.0364831349206,17,55,0,0,0,0,0,0,0,0,0,0,0,0
"AndroidBilingualAphasiaTest","BilingualAphasia/AndroidBilingualAphasiaTest","ca.ilanguage.bilingualaphasiatest","G",1301151539,1354550094,53398555,88.2912615740741,17,233,0,0,0,0,NA,0,0,0,0,NA,0,0
"AndroidBootcampProject","ThoughtWorksAustralia/AndroidBootcampProject","com.magix.camera_mx","G",1387434168,1401699232,14265064,23.5864153439153,11,62,0,NA,NA,NA,NA,0,0,NA,NA,NA,0,NA
"AndroidCrazyFlieTwitch","romero4742/AndroidCrazyFlieTwitch","se.bitcraze.crazyfliecontrol2","G",1352044501,1433584283,81539782,134.821068121693,22,123,0,0,0,0,0,0,0,0,0,0,0,0
"AndroidIconics","kotasunil79/AndroidIconics","com.mikepenz.iconics.sample","G",1414871036,1482828700,67957664,112.363862433862,52,500,0,0,0,0,0,0,0,0,0,0,0,0
"AndroidTaigiDict","shiami/AndroidTaigiDict","com.taccotap.taigidict","G",1477474769,1490350067,12875298,21.2885218253968,8,32,0,0,0,NA,0,0,0,0,0,0,0,NA
"AnimationsInAndroid","ajkh35/AnimationsInAndroid","com.myapp.ajay.animationsinandroid","G",1455526636,1493149897,37623261,62.2077728174603,12,28,0,0,NA,0,NA,0,0,0,NA,NA,0,0
"Animexx-Android-App","meisterfuu/Animexx-Android-App","de.meisterfuu.animexx","G",1333303530,1421612821,88309291,146.014039351852,9,86,0,0,0,0,0,0,0,0,0,0,0,0
"Arvutaja","Kaljurand/Arvutaja","ee.ioc.phon.android.arvutaja","G",1317206061,1488496193,171290132,283.217810846561,35,152,0,0,0,0,0,0,0,0,0,0,0,0
"AttysScope","glasgowneuro/AttysScope","tech.glasgowneuro.attysscope2","G",1471383975,1489970743,18586768,30.7320899470899,17,126,0,0,0,0,0,0,0,0,0,0,0,0
"BART","OnlyInAmerica/BART","pro.dbro.bart","F",1331773791,1390615063,58841272,97.290462962963,8,69,0,0,0,0,NA,0,0,0,0,NA,0,NA
"Barlift-Android","zakallen/Barlift-Android","com.barliftapp.barlift&amp","G",1421435591,1433864812,12429221,20.5509606481481,10,20,0,0,0,0,0,0,0,0,0,0,0,NA
"BatteryFu","tobykurien/BatteryFu","com.tobykurien.batteryfu","F",1391171743,1442842938,51671195,85.4351769179894,9,57,0,0,0,0,0,0,NA,0,0,NA,NA,NA
"Beanstalk","ebeanstalkuf/Beanstalk","com.nimbus.app.beanstalk","G",1348945022,1357854860,8909838,14.731875,13,208,0,0,0,0,0,0,0,0,0,0,0,0
"BestAlarm","galvanom/BestAlarm","com.alarm.androidalarm","G",1476117194,1491067509,14950315,24.7194361772487,19,221,0,0,0,0,0,0,0,0,0,0,0,0
"Betrayal","JNVgames/Betrayal","com.jnv.Betrayal.android&amp","G",1437085706,1483638199,46552493,76.9717146164021,19,340,0,0,0,0,0,0,0,0,0,0,0,0
"BetterWifiOnOff","asksven/BetterWifiOnOff","com.asksven.betterwifionoff","F",1342269358,1419681675,77412317,127.996555886243,28,237,0,0,0,NA,0,0,0,0,0,0,0,NA
"Billy","bkgummadi/Billy","com.vibin.billy","G",1401637376,1414868408,13231032,21.8767063492063,14,59,0,0,0,0,0,0,0,0,0,0,0,0
"BingmuWP","yorung/BingmuWP","bingmu.pinotnoir.livewallpaper","G",1391885409,1468682170,76796761,126.978771494709,21,304,0,0,0,0,NA,0,0,0,0,NA,0,0
"Biology-MCQ-Android-Application","Conorbro/Biology-MCQ-Android-Application","com.cb.leavingcertbiologyquiz","G",1405255979,1424883424,19627445,32.4527860449735,8,24,0,0,NA,0,0,0,0,0,NA,0,NA,NA
"Bioscope","dhineshd/Bioscope","com.trioscope.chameleon&amp","G",1427528166,1487487316,59959150,99.1388062169312,30,519,0,0,0,0,0,0,0,0,0,0,0,0
"BirdWalk","jblouie/BirdWalk","com.jle.josh.birdwalk","G",1448181479,1489947953,41766474,69.0583234126984,12,38,0,0,NA,0,0,0,0,0,NA,NA,0,NA
"BitcoinChecker","mobnetic/BitcoinChecker","com.mobnetic.coinguardian","G",1393445492,1493386903,99941411,165.247041997355,61,355,0,0,NA,0,0,0,0,0,NA,0,0,0
"BlackLight","PaperAirplane-Dev-Team/BlackLight","us.shandian.blacklight","G",1399046163,1467957082,68910919,113.940011574074,67,1305,0,0,0,0,0,0,0,0,0,0,0,0
"BlockJump","MitchZinck/BlockJump","com.mzinck.blockjump.android","G",1413675045,1445539779,31864734,52.6863988095238,8,14,0,0,0,NA,0,0,0,0,0,0,0,NA
"BlokusDuo","BlokusGame/BlokusDuo","blokusgame.mi.android.hazi.blokus","G",1413887606,1426356684,12469078,20.6168617724868,9,127,0,0,0,NA,0,0,0,0,0,0,0,NA
"Boarder","Mikuz/Boarder","fi.mikuz.boarder","G",1336077002,1402951783,66874781,110.573381283069,46,260,0,0,0,0,0,0,0,0,0,0,0,NA
"BrainSlice","alxhill/BrainSlice","com.lemonslice.brainslice","G",1386585430,1414510663,27925233,46.1726736111111,13,432,0,0,0,0,0,0,0,0,0,0,0,0
"BrewShopApp","edrews/BrewShopApp","com.brew.brewshop","F",1409010557,1492218048,83207491,137.578523478836,18,183,0,0,0,0,0,0,0,0,0,0,0,0
"BuckeyeBuilder","navidmatin/BuckeyeBuilder","com.infinityloop.buckeyebuilder&amp","G",1391532513,1446618308,55085795,91.0810102513228,22,205,0,0,0,0,0,0,0,0,0,0,0,0
"BuffBusApp-android","FalconerTC/BuffBusApp-android","com.cherish.BusTracker","G",1437338238,1481308538,43970300,72.7022156084656,14,88,0,0,0,NA,0,0,0,0,0,0,0,NA
"BusFollower","argilo/BusFollower","net.argilo.busfollower","G",1332506078,1491308574,158802496,262.570264550265,12,194,0,0,0,0,0,0,0,0,0,0,0,0
"Bussan","kriben/Bussan","no.kriben.bussan","G",1311101413,1426679828,115578415,191.101876653439,9,67,0,0,NA,NA,NA,0,0,0,NA,NA,0,NA
"CB-News","j1angvei/CB-News","cn.j1angvei.cbnews","G",1467609064,1476048710,8439646,13.9544411375661,12,143,0,0,0,0,0,0,0,0,0,0,0,0
"CNG-Stations","manuel-palacio/CNG-Stations","net.palacesoft.cngstation&amp","G",1341435687,1370441892,29006205,47.9599950396825,8,107,0,0,0,NA,NA,0,0,0,0,NA,0,NA
"CPAN-Sidekick","zostay/CPAN-Sidekick","com.qubling.sidekick","G",1322719250,1365344455,42625205,70.4781828703704,11,99,0,0,0,NA,0,0,0,0,0,0,0,NA
"CalculateYgsLysScore","demirciy/CalculateYgsLysScore","demirciy.ygslyspuanhesaplama","G",1455798928,1489480530,33681602,55.6904794973545,10,27,0,0,0,0,0,0,0,0,NA,0,0,0
"CallerFlashlight","spirosbond/CallerFlashlight","com.spirosbond.callerflashlight","G",1378311480,1390927382,12615902,20.8596263227513,17,98,0,0,0,NA,0,0,0,0,0,0,0,NA
"CapitalBooze","g-tanghe/CapitalBooze","com.tanghe.garben.capitalbooze","G",1470794102,1488275114,17481012,28.9037896825397,14,49,0,0,0,NA,NA,0,0,0,0,NA,0,NA
"CdlUI","cadeli/CdlUI","com.cadeli.dmFree","G",1373295250,1429256882,55961632,92.5291534391534,24,108,0,0,0,0,0,0,0,0,0,0,0,0
"ChordCalcComposer","JonLatane/ChordCalcComposer","com.jonlatane.composer","G",1337205556,1473976599,136771043,226.14259755291,13,43,0,0,0,0,0,0,0,0,0,0,0,0
"ChordReaderRoot","nolanlawson/ChordReaderRoot","com.nolanlawson.chordreader","F",1282147760,1416697447,134549687,222.469720568783,8,72,0,0,0,0,NA,0,0,0,0,NA,0,0
"CineTime","Neamar/CineTime","fr.neamar.cinetime","G",1357592313,1438701898,81109585,134.109763558201,12,101,0,0,0,NA,NA,0,0,0,0,NA,0,NA
"CinemaBase.github.io","FatBrownies/CinemaBase.github.io","com.cs499.mac.cinemabase","G",1428050724,1433333463,5282739,8.7346875,8,76,0,0,NA,NA,NA,0,0,0,NA,NA,0,NA
"CircleTheDog_public","danthe96/CircleTheDog_public","com.danthe.dogeescape","G",1414784047,1442421297,27637250,45.6965112433862,9,97,0,0,0,0,0,0,0,0,0,0,0,0
"Classic","graham22/Classic","ca.farrelltonsolar.classic","G",1417463411,1485707302,68243891,112.837121362434,24,86,0,0,0,0,0,0,0,0,0,0,0,0
"CoinFlip","banasiak/CoinFlip","com.banasiak.coinflip","G",1305599268,1475028552,169429284,280.141011904762,16,34,0,0,NA,0,0,0,0,0,NA,0,0,0
"Commandr-Android","RSenApps/Commandr-Android","com.RSen.Commandr","G",1406267456,1433916080,27648624,45.7153174603175,21,134,0,0,0,0,0,0,0,0,0,0,0,0
"Convention","frankkienl/Convention","nl.frankkie.convention","G",1416148756,1433745331,17596575,29.0948660714286,12,183,0,0,0,0,0,0,0,0,0,0,0,NA
"Course-work","mikle9997/Course-work","com.mobirix.playmaze","G",1473496759,1492984688,19487929,32.2221048280423,16,67,0,0,0,0,0,0,0,0,0,0,0,0
"CropImage","mobiletech2100/CropImage","com.yalantis.ucrop.sample&amp","G",1453365463,1491227389,37861926,62.6023908730159,19,102,0,0,0,0,0,0,0,0,0,NA,0,0
"CuandoLlegaAndroid","liquid36/CuandoLlegaAndroid","com.samsoft.cuandollega","G",1410832949,1476320285,65487336,108.279325396825,22,76,0,0,0,0,0,0,0,0,0,0,0,0
"D3Quests","dyouyang/D3Quests","com.dyo.d3quests","G",1394244687,1402126163,7881476,13.031541005291,8,92,0,0,0,0,0,0,0,0,0,0,0,0
"DATX02_15_36","Soya93/DATX02_15_36","se.chalmers.datx02_15_36.studeraeffektivt","G",1422542038,1453385279,30843241,50.9974222883598,15,759,0,0,0,0,0,0,0,0,0,0,0,0
"DBP2P","omegahm/DBP2P","dk.hotmovinglobster.battleships","F",1297718041,1348690174,50972133,84.2793204365079,12,153,0,0,0,0,0,0,0,0,0,0,0,0
"DashProject","devnatres/DashProject","devnatres.android.boomarung","G",1420205024,1442657424,22452400,37.1236772486772,23,128,0,0,0,0,0,0,0,0,0,0,0,0
"DataStats","takke/DataStats","jp.takke.datastats","G",1423476538,1463228995,39752457,65.7282688492063,11,87,0,0,0,0,0,0,0,0,0,0,0,0
"DctvAndroid","chatrealm/DctvAndroid","com.tinnvec.dctvandroid","G",1448642298,1482866268,34223970,56.587251984127,16,175,0,0,0,0,0,0,0,0,0,0,0,0
"DedicaMNS","edwise/DedicaMNS","com.edwise.dedicamns","G",1344790675,1412105519,67314844,111.300998677249,21,92,0,0,0,NA,0,0,0,0,0,0,0,NA
"Diaspora-Native-WebApp","TTTDevs/Diaspora-Native-WebApp","ar.com.tristeslostrestigres.diasporanativewebapp","G",1434162078,1489665341,55503263,91.7712681878307,10,64,0,0,0,NA,NA,0,0,0,0,NA,0,NA
"Dota-Data-Old","Simon-Raes/Dota-Data-Old","be.simonraes.dotadata","G",1391625075,1410093513,18468438,30.5364384920635,9,89,0,0,0,0,0,0,0,0,0,0,0,0
"DroidBeard","rastating/DroidBeard","com.rastating.droidbeard","G",1407625107,1487881259,80256152,132.698664021164,30,153,0,0,0,0,0,0,0,0,0,0,0,0
"DroidPersianCalendar","ebraminio/DroidPersianCalendar","com.byagowi.persiancalendar","F",1331291057,1488311781,157020724,259.624212962963,46,813,0,0,0,0,0,0,0,0,0,0,0,0
"Drupal-Editor","Dissem/Drupal-Editor","ch.dissem.android.drupal","G",1255777162,1400088426,144311264,238.609894179894,14,64,0,0,0,0,0,0,0,0,NA,0,0,NA
"Dual-Battery-Widget","artiomchi/Dual-Battery-Widget","org.flexlabs.widgets.dualbattery","G",1308039141,1344767780,36728639,60.7285697751323,16,103,0,0,0,0,0,0,0,0,0,0,0,0
"ETA","b0wter/ETA","de.roughriders.jf.eta","G",1465587004,1492023946,26436942,43.711875,14,92,0,0,0,0,0,0,0,0,0,0,0,0
"EasyBudget","benoitletondor/EasyBudget","com.benoitletondor.easybudgetapp","G",1419506038,1467379942,47873904,79.1565873015873,28,430,0,0,0,0,0,0,0,0,0,0,0,0
"Easy_xkcd","T-Rex96/Easy_xkcd","de.tap.easy_xkcd","F",1437648803,1492971643,55322840,91.4729497354497,41,469,0,0,0,0,0,0,0,0,0,0,0,0
"EmailPopup","baolongnt/EmailPopup","com.blntsoft.emailpopup","G",1255099199,1383894074,128794875,212.954489087302,15,71,0,0,0,NA,NA,0,0,0,0,NA,0,NA
"EmotivSdk","mgrcar/EmotivSdk","com.emotiv.insightapp","G",1444021947,1490949067,46927120,77.5911375661376,19,158,0,0,0,NA,0,0,0,0,0,NA,0,NA
"EternityWallAndroid","RCasatta/EternityWallAndroid","it.eternitywall.eternitywall","G",1441199116,1476430571,35231455,58.2530671296296,33,395,0,0,0,0,0,0,0,0,0,0,0,0
"Expense-Tracker-App","PedroCarrillo/Expense-Tracker-App","com.pedrocarrillo.expensetracker","G",1442330482,1493345347,51014865,84.3499751984127,9,66,0,0,0,0,0,0,0,0,0,0,0,0
"FaceSlim","indywidualny/FaceSlim","org.indywidualni.faceslim_donation","G",1420627894,1491041138,70413244,116.424014550265,41,378,0,0,0,NA,0,0,0,0,0,0,0,NA
"Facebook-Contact-Sync","loadrunner/Facebook-Contact-Sync","ro.weednet.contactssync","F",1345021109,1444055413,99034304,163.747195767196,23,148,0,0,0,0,0,0,0,0,0,0,0,0
"FileController","chartsai/FileController","com.cha122977.android.filecontroller&amp","G",1333391038,1399494614,66103576,109.298240740741,20,87,0,0,0,0,NA,0,0,0,0,NA,0,0
"FitnessTracker","joan-domingo/FitnessTracker","cat.xojan.fittracker","G",1418471330,1474664795,56193465,92.9124751984127,24,155,0,0,0,0,0,0,0,0,0,0,0,0
"Flippit","damien5314/Flippit","com.ddiehl.android.reversi","G",1412814394,1491406431,78592037,129.947151124339,16,335,0,0,0,0,0,0,0,0,0,0,0,0
"Flym","kimjisoo/Flym","net.fred.feedex","G",1366708935,1492142995,125434060,207.397585978836,88,890,0,0,0,0,0,0,0,0,0,0,0,0
"FoodCraft","EEdge/FoodCraft","sfsu.csc413.foodcraft","G",1443828884,1454542235,10713351,17.7138740079365,12,191,0,0,0,0,NA,0,0,0,0,NA,0,0
"ForceDoze","kimjisoo/ForceDoze","com.suyashsrijan.forcedoze&amp","G",1462972350,1489493041,26520691,43.8503488756614,8,98,0,0,0,NA,0,0,0,0,0,0,0,NA
"Freebloks-Android","shlusiak/Freebloks-Android","de.saschahlusiak.freebloks","G",1334312473,1483711957,149399484,247.022956349206,76,892,0,0,0,0,0,0,0,0,0,0,0,0
"FruPic-App","shlusiak/FruPic-App","de.saschahlusiak.frupic","G",1330031143,1440941350,110910207,183.383278769841,11,70,0,0,0,0,0,0,0,0,0,0,0,0
"Fruit-Destroyer","NahroTo/Fruit-Destroyer","com.nahroto.fruitdestroyer.android","G",1442244626,1476700142,34455516,56.9700992063492,24,186,0,0,0,0,0,0,0,0,0,0,0,0
"FuelPlanner","archpoint/FuelPlanner","com.connectutb.xfuel","G",1358780501,1464700230,105919729,175.131827050265,23,153,0,0,0,0,NA,0,0,0,0,NA,0,0
"GBHS-Android","mwesner/GBHS-Android","com.grandblanchs.gbhs","G",1412894185,1482347551,69453366,114.83691468254,44,254,0,0,0,0,NA,0,0,0,0,NA,0,0
"GeometricWeather","WangDaYeeeeee/GeometricWeather","wangdaye.com.geometricweather","G",1481461375,1493548647,12087272,19.9855687830688,9,22,0,0,0,0,0,0,0,0,0,0,0,0
"GermanLearningUCA","AlbertoCejas/GermanLearningUCA","es.uca.tabu","G",1385984353,1438528417,52544064,86.8784126984127,23,73,0,0,0,0,0,0,0,0,0,0,0,0
"GetDisciplined","rrtigga/GetDisciplined","com.spicycurryman.getdisciplined10.app","G",1402281647,1436258996,33977349,56.1794791666667,16,103,0,0,0,NA,NA,0,0,0,0,NA,0,NA
"Gidder","antoniy/Gidder","net.antoniy.gidder.beta","G",1323005476,1424291531,101286055,167.470329034392,15,59,0,0,0,0,0,0,0,0,0,0,0,0
"GlanceReader","OnlyInAmerica/GlanceReader","pro.dbro.openspritz","F",1393643546,1411953261,18309715,30.2739996693122,9,72,0,0,0,0,0,0,0,0,0,0,0,0
"GlidePlayer","georgevarghese185/GlidePlayer","com.teefourteen.glideplayer","G",1476118620,1490801078,14682458,24.2765509259259,11,58,0,0,0,0,0,0,0,0,0,0,0,0
"GlobalTv-Android","lubomyr/GlobalTv-Android","org.videolan.vlc","G",1454107728,1489849937,35742209,59.0975677910053,12,32,0,0,0,0,0,0,0,0,NA,0,0,0
"GlowAndroid","techlung/GlowAndroid","com.techlung.android.glow","G",1435145419,1485595494,50450075,83.4161292989418,8,61,0,0,0,NA,0,0,0,0,0,0,0,NA
"GoodHikes","georgelam-uwaterloo/GoodHikes","ca.uwaterloo.magic.goodhikes","G",1455038497,1459977257,4938760,8.16593915343915,8,50,0,0,NA,NA,0,0,0,0,NA,0,0,NA
"GoogleApps","tobykurien/GoogleApps","com.tobykurien.google_news","G",1319724852,1440165696,120440844,199.141607142857,14,76,0,0,0,NA,NA,NA,0,0,0,NA,NA,NA
"GuitarTrainer","andreybl/GuitarTrainer","org.cohortor.gstrings&amp","G",1353692344,1361139768,7447424,12.3138624338624,8,54,0,0,0,0,0,0,0,0,0,0,0,NA
"GymDiary","nethergrim/GymDiary","com.nethergrim.combogymdiary","G",1384246350,1404128057,19881707,32.8731927910053,25,233,0,0,0,0,0,0,0,0,0,0,0,0
"HIITMe","AlexGilleran/HIITMe","com.alexgilleran.hiitme","G",1360553322,1424511620,63958298,105.751154100529,34,169,0,0,0,0,0,0,0,0,0,0,0,0
"HOFCAndroid","orome656/HOFCAndroid","com.hofc.hofc","G",1396902869,1456316793,59413924,98.2373082010582,39,193,0,0,0,0,0,0,0,0,0,0,0,0
"HackerNews","bishopmatthew/HackerNews","com.airlocksoftware.hackernews","F",1359565120,1472137452,112572332,186.131501322751,16,82,0,0,0,0,0,0,0,0,0,NA,0,NA
"Handbook_for_Melee","ThatKawaiiGuy/Handbook_for_Melee","com.thatkawaiiguy.meleehandbook&amp","G",1446956230,1493164138,46207908,76.4019642857143,18,77,0,0,0,0,0,0,0,0,0,0,0,0
"HansaVK","Iljalala/HansaVK","com.ilja.vk_hansa","G",1452102418,1473715089,21612671,35.7352364417989,11,145,0,0,0,0,0,0,0,0,0,0,0,0
"HappyWifi","feathertw/HappyWifi","tw.tools.ncku.wifi","G",1359171011,1398000856,38829845,64.2027860449735,8,26,0,0,0,NA,0,0,0,0,0,0,0,NA
"HarrisCam","datakun/HarrisCam","com.main.harriscam","G",1352237297,1488420217,136182920,225.170171957672,12,32,0,0,0,NA,0,0,0,0,0,0,0,NA
"HexGame_Android2","Mortech/HexGame_Android2","com.sam.hex","G",1318441924,1336958799,18516875,30.6165261243386,24,283,0,0,0,0,0,0,0,0,0,0,0,0
"HistoryCleanerPro","JohnNPhillips/HistoryCleanerPro","com.ayros.historycleaner","G",1396232676,1491174248,94941572,156.980112433862,20,118,0,0,0,0,0,0,0,0,0,0,0,0
"IRRemote","M8yMax/IRRemote","org.twinone.irremote","G",1400583325,1426841954,26258629,43.4170453042328,18,74,0,0,0,0,0,0,0,0,0,0,0,0
"Iknow","khuongthai/Iknow","team.kyb&amp","G",1381782107,1390585146,8803039,14.5552893518519,9,104,0,0,0,0,0,0,0,0,0,NA,0,NA
"Interflix","philwade/Interflix","org.philwade.android.interflix","G",1275333422,1333058213,57724791,95.4444295634921,16,105,0,0,0,0,0,0,0,0,0,0,0,0
"Jinawa","BennetBartmann/Jinawa","de.bb42.jinawapremium","G",1411397854,1428587258,17189404,28.4216335978836,17,113,0,0,NA,NA,0,0,0,0,NA,0,0,NA
"JustSketch","dcjosej/JustSketch","com.tfg.android","G",1421602480,1438693461,17090981,28.2588971560847,9,14,0,0,0,0,0,0,0,0,0,0,0,NA
"KISS","Neamar/KISS","fr.neamar.kiss","F",1349184510,1493430994,144246484,238.502784391534,76,1391,0,0,0,0,0,0,0,0,0,0,0,0
"KeepScore","nolanlawson/KeepScore","com.nolanlawson.keepscore","F",1307751661,1463319993,155568332,257.222771164021,17,328,0,0,0,0,0,0,0,0,0,0,0,0
"LastStraw","johanjusits/LastStraw","johan.laststraw","G",1415728547,1425746313,10017766,16.5637665343915,16,304,0,0,0,0,0,0,0,0,0,0,0,0
"LightningPermissionManager","F43nd1r/LightningPermissionManager","com.faendir.lightning_launcher.permission_manager","G",1427510971,1471633131,44122160,72.9533068783069,9,20,0,0,0,0,NA,0,0,0,NA,NA,0,0
"LimiteCartao","marcosdiez/LimiteCartao","com.marcosdiez.extratocartao","G",1438527448,1485345942,46818494,77.4115310846561,24,80,0,0,NA,0,0,0,0,0,NA,0,0,NA
"LinuxZaSve_mobile","dperetin/LinuxZaSve_mobile","com.linuxzasve.mobile","G",1342043237,1416948433,74905196,123.851183862434,14,47,0,0,0,0,NA,0,0,0,0,NA,0,0
"LocusAddonGeogetDatabase","JerabekJakub/LocusAddonGeogetDatabase","net.kuratkoo.locusaddon.geogetdatabase","G",1322487982,1396861896,74373914,122.972741402116,12,102,0,0,0,NA,0,0,0,0,0,0,0,NA
"LucidLink","Venryx/LucidLink","v.lucidlink","G",1479306256,1489672038,10365782,17.1391898148148,12,273,0,0,0,0,0,0,0,0,0,0,0,0
"MLManager","javiersantos/MLManager","com.javiersantos.mlmanager","F",1432207817,1468058617,35850800,59.2771164021164,15,283,0,0,0,0,0,0,0,0,0,0,0,NA
"Man-Man","Adonai/Man-Man","com.adonai.manman","F",1414145017,1493639879,79494862,131.439917328042,12,79,0,0,0,0,0,0,0,0,0,0,0,NA
"Meadows","thetwoj/Meadows","com.osu.sc.meadows","G",1318798107,1486147849,167349742,276.702615740741,22,187,0,0,0,0,0,0,0,0,0,0,0,0
"MeerkatChallenge","jcasson/MeerkatChallenge","eu.johncasson.meerkatchallenge","G",1378548227,1408796972,30248745,50.0144593253968,11,75,0,0,NA,0,0,0,0,0,NA,NA,0,0
"MifareClassicTool","ikarus23/MifareClassicTool","de.syss.MifareClassicTool","F",1360683544,1492952888,132269344,218.699312169312,70,460,0,0,0,0,0,0,0,0,0,0,0,0
"MijnWindesheim","gi097/MijnWindesheim","com.giovanniterlingen.windesheim","G",1456667807,1490171217,33503410,55.3958498677249,14,70,0,0,0,0,0,0,0,0,0,0,0,0
"Mobike-MOBAPP","pcalabrese/Mobike-MOBAPP","com.mobiketeam.mobike&amp","G",1419076056,1481462018,62385962,103.151392195767,20,197,0,0,0,0,0,0,0,0,0,0,0,0
"MozuAndroidInStoreAssistant","dhootha/MozuAndroidInStoreAssistant","com.mozu.mozuandroidinstoreassistant.app","G",1398459961,1444849801,46389840,76.7027777777778,34,630,0,0,0,0,0,0,0,0,0,0,0,0
"Multi-Cal","williamwu2049/Multi-Cal","com.williamwu2049.calculator","G",1485912870,1493146881,7234011,11.9609970238095,8,142,0,0,0,0,NA,0,0,0,0,NA,0,0
"MultiImagePicker","piyurabadiya/MultiImagePicker","net.yazeed44.imagepicker.sample","G",1417081784,1453632444,36550660,60.4342923280423,10,79,0,0,0,0,NA,0,0,0,0,NA,0,0
"MultiWii_EZ_GUI","eziosoft/MultiWii_EZ_GUI","com.ezio.multiwii","G",1349300419,1390955884,41655465,68.8747767857143,21,92,0,0,0,0,0,0,0,0,0,0,0,0
"My-Cashbook","lindolsang/My-Cashbook","kr.lindol.mycashbook","G",1408892092,1455458226,46566134,76.9942691798942,9,12,0,0,NA,NA,NA,NA,0,0,NA,NA,NA,NA
"MyAppList","fedefernandez/MyAppList","com.projectsexception.myapplist","G",1334871344,1439211448,104340104,172.520013227513,13,37,0,0,0,0,0,0,0,0,0,NA,0,0
"MySound","daole/MySound","com.sastudio.mysound","G",1450617659,1468954300,18336641,30.3185201719577,13,61,0,0,0,0,0,0,0,0,0,0,0,0
"NAO-Com","NorthernStars/NAO-Com","de.robotik.nao.communicator","G",1394007710,1445090901,51083191,84.4629480820106,8,81,0,0,0,0,0,0,0,0,0,0,0,0
"NFCMessageBoard","mofosyne/NFCMessageBoard","com.briankhuu.nfcmessageboard","G",1428037721,1479129414,51091693,84.4770056216931,12,88,0,0,0,0,NA,0,0,0,0,NA,0,0
"NGA-CLIENT-VER-OPEN-SOURCE","ymback/NGA-CLIENT-VER-OPEN-SOURCE","gov.anzong.androidnga","G",1388861084,1492740577,103879493,171.758420965608,30,124,0,0,0,0,0,0,0,0,0,0,0,0
"NLP-modeling","Konstantin8105/NLP-modeling","com.modelingbrain.home&amp","G",1469559158,1483094850,13535692,22.3804431216931,10,178,0,0,0,0,0,0,0,0,0,NA,0,0
"NasaPic","danielgimenes/NasaPic","br.com.dgimenes.nasapic","G",1435898080,1465412167,29514087,48.7997470238095,17,83,0,0,0,0,0,0,0,0,0,0,0,0
"NetGuardAPI23","PeishengYE/NetGuardAPI23","eu.faircode.netguard","G",1445709560,1466621522,20911962,34.5766567460317,27,2222,0,0,0,0,0,0,0,0,0,0,0,0
"NewsBlurPlus","asafge/NewsBlurPlus","com.asafge.newsblurplus","G",1373011469,1419142764,46131295,76.2752893518519,17,391,0,0,0,0,0,0,0,0,0,NA,0,NA
"NinjaLeanJapanese","MrNinja/NinjaLeanJapanese","gdg.nat.ninjalearnjapanese","G",1395920785,1438441192,42520407,70.3049057539683,9,34,0,0,0,0,0,0,0,0,0,0,0,0
"NoTauLabsNag","MAVProxyUser/NoTauLabsNag","org.openpilot.androidgcs","G",1395670762,1409879868,14209106,23.4938921957672,15,135,0,0,0,0,0,0,0,0,0,0,0,0
"NotePad","spacecowboy/NotePad","com.nononsenseapps.notepad","F",1326449859,1486162440,159712581,264.075034722222,65,1098,0,0,0,0,0,0,0,0,0,0,0,0
"NowPlaying","Nintynien/NowPlaying","com.skylerbock.nowplaying","G",1449989920,1480219147,30229227,49.9821875,8,25,0,0,0,0,0,0,0,0,0,NA,0,NA
"OffRoadTracker","cbpos1989/OffRoadTracker","cbpos1989.com.offroadtracker","G",1443439033,1453464225,10025192,16.576044973545,9,30,0,0,NA,NA,NA,0,0,0,NA,NA,0,NA
"OnamHighSch","Darkhost/OnamHighSch","darkhost.onamhighsch","G",1457744810,1476801806,19056996,31.5095833333333,10,26,0,0,0,0,NA,0,0,0,0,NA,0,NA
"Open-Reminder","spanglerware/Open-Reminder","com.openreminder","G",1430539639,1443393694,12854055,21.2533978174603,9,20,0,0,0,0,0,0,0,0,0,0,0,0
"Open4speed","lvonasek/Open4speed","com.lvonasek.o4s","G",1390404859,1477062809,86657950,143.283647486772,32,191,0,0,0,0,NA,0,0,0,0,NA,0,0
"OpenCamera","almalence/OpenCamera","com.almalence.opencam","F",1381832487,1492669809,110837322,183.262767857143,132,2150,0,0,0,0,0,0,0,0,0,0,0,0
"OpenFit","jareddlc/OpenFit","com.solderbyte.openfit","F",1421533263,1475989143,54455880,90.0394841269841,37,131,0,0,0,0,0,0,0,0,0,0,0,0
"OpenSSME","niso217/OpenSSME","com.open.ssme&amp","G",1463077143,1489582152,26505009,43.8244196428571,8,69,0,0,0,0,0,0,0,0,0,0,0,0
"Open_SNS","sangcomz/Open_SNS","xyz.sangcomz.open_sns","G",1450338101,1485445208,35107107,58.0474652777778,13,112,0,0,0,0,0,0,0,0,0,0,0,0
"Orbital-Live-Wallpaper","PuZZleDucK/Orbital-Live-Wallpaper","orbitlivewallpaperfree.puzzleduck.com","F",1335342774,1349502068,14159294,23.4115310846561,12,98,0,0,0,0,NA,0,NA,NA,NA,NA,NA,NA
"Orpheus","OpenSilk/Orpheus","org.opensilk.music","F",1325779498,1453258705,127479207,210.779112103175,104,2407,0,0,0,0,0,0,0,0,0,0,0,0
"OsijekNightlife","lolerpnv/OsijekNightlife","com.onl.osijeknightlife.app","G",1434746090,1464013958,29267868,48.3926388888889,8,50,0,0,0,NA,0,0,0,0,0,NA,0,NA
"PADFriendFinder-Android","Gear61/PADFriendFinder-Android","com.randomappsinc.padfriendfinder","G",1436851480,1461220575,24369095,40.2928158068783,9,76,0,0,0,0,0,0,0,0,NA,0,0,NA
"PalaceGame","primetime00/PalaceGame","com.kegelapps.palace.android&amp","G",1449592682,1478634453,29041771,48.0188012566138,20,89,0,0,0,0,0,0,0,0,0,0,0,0
"Paper-Wallet","ValleZ/Paper-Wallet","ru.valle.btc","G",1374014663,1491704185,117689522,194.592463624339,15,67,0,0,0,0,0,0,0,0,0,0,0,0
"Peak_Fresh","wwSchrader/Peak_Fresh","com.wwschrader.android.peakfresh&amp","G",1472000453,1479073715,7073262,11.6952083333333,8,64,0,0,0,NA,NA,0,0,0,0,NA,0,NA
"PebbleDialer-Android","matejdro/PebbleDialer-Android","com.matejdro.pebbledialer","G",1381860934,1488981153,107120219,177.116764219577,11,60,0,0,0,0,0,0,0,0,0,NA,0,0
"PepeSnap","kleitz/PepeSnap","com.jonathanrobins.pepe_snap&amp","G",1432361426,1457461584,25100158,41.501583994709,9,71,0,0,0,NA,NA,0,NA,NA,NA,NA,NA,NA
"Permission-Nanny","littledot/Permission-Nanny","com.permissionnanny","F",1429867688,1484018960,54151272,89.5358333333333,23,255,0,0,0,0,0,0,0,0,0,0,0,0
"PictureTrack","boxhead201/PictureTrack","com.boxhead.android.picturetrack","G",1441636848,1490245014,48608166,80.3706448412698,26,70,0,0,0,0,0,0,0,0,0,0,0,0
"PixelDungRemix","mercury199/PixelDungRemix","com.nyrds.pixeldungeon.ml","G",1406469445,1461540918,55071473,91.0573296957672,83,1723,0,0,0,0,0,0,0,0,0,0,0,0
"PlasmaSound","rjmarsan/PlasmaSound","com.rj.processing.plasmasound","F",1294812200,1382833319,88021119,145.537564484127,11,49,0,0,0,0,0,0,0,0,0,0,0,0
"PocketPlus","asafge/PocketPlus","com.asafge.pocketplus","G",1375028536,1419142787,44114251,72.9402298280423,14,107,0,0,NA,0,0,0,0,0,NA,NA,0,NA
"Podcasts-RAC1-Android","joan-domingo/Podcasts-RAC1-Android","cat.xojan.random1","G",1467502086,1491335269,23833183,39.4067179232804,18,67,0,0,0,0,0,0,0,0,0,0,0,0
"Produce-Price-Checker","jarvislin/Produce-Price-Checker","com.jarvislin.producepricechecker","G",1413264764,1454039255,40774491,67.4181398809524,16,155,0,0,NA,0,0,0,0,0,NA,0,0,0
"ProjectPrototype","MyHappyHog/ProjectPrototype","kookmin.cs.happyhog","G",1441108185,1464838943,23730758,39.2373644179894,10,111,0,0,0,0,0,0,0,0,0,0,0,0
"QDict","madmanteam/QDict","com.annie.dictionary","G",1434223061,1457543077,23320016,38.5582275132275,8,20,0,0,0,0,0,0,0,0,NA,0,0,NA
"QSCMobileLegacy","QSCTech/QSCMobileLegacy","com.myqsc.mobile2","G",1375760736,1433153555,57392819,94.8955340608466,24,425,0,0,0,0,0,0,0,0,0,0,0,0
"QuizApp-Android","Shubhamgoel123/QuizApp-Android","com.quizapp.tollywood","G",1407993189,1459191864,51198675,84.6538938492064,13,310,0,0,0,0,0,0,0,0,0,0,0,0
"QwikStats","jkerb8/QwikStats","qwikstats.qwikcut.kerbysoft.com.qwikstats&amp","G",1462042366,1492300111,30257745,50.0293402777778,22,57,0,0,0,0,0,0,0,0,0,0,0,0
"R07D","torrenegras/R07D","com.xoaquin.r07d","G",1383433372,1451886942,68453570,113.183812830688,28,86,0,0,0,0,0,0,0,0,0,0,0,0
"RK3066-Headunit-service","petrows/RK3066-Headunit-service","com.petrows.mtcservice","G",1413053262,1489223032,76169770,125.942080026455,13,76,0,0,0,0,0,0,0,0,0,0,0,0
"RadyoMenemenPro","LutfiTekin/RadyoMenemenPro","com.incitorrent.radyo.menemen.pro","G",1464369611,1493035516,28665905,47.3973296957672,37,1027,0,0,0,0,0,0,0,0,0,0,0,0
"RandomStep","iRYO400/RandomStep","com.r400.ultra.free.rwallpapers","G",1436433805,1471273610,34839805,57.6054976851852,8,25,0,0,0,0,0,0,0,0,0,0,0,0
"Randomly-RemindMe","jamesmorrisstudios/Randomly-RemindMe","jamesmorrisstudios.com.randremind","G",1429546305,1444784591,15238286,25.1955787037037,20,122,0,0,0,0,0,0,0,0,0,0,0,0
"Raspberry-Bus-Malaysia","sweetiepiggy/Raspberry-Bus-Malaysia","com.sweetiepiggy.raspberrybusmalaysia","G",1332933042,1373042564,40109522,66.3186541005291,18,208,0,0,0,0,0,0,0,0,0,0,0,0
"Reaction","ChrisGaddes/Reaction","com.chrisgaddes.reaction","G",1466111868,1474141491,8029623,13.2764930555556,10,97,0,0,0,0,0,0,0,0,0,0,0,0
"Reader","TheKeeperOfPie/Reader","com.winsonchiu.reader","G",1424124392,1472337182,48212790,79.7169146825397,38,193,0,0,0,0,0,0,0,0,0,0,0,0
"RedReader","bamptonm/RedReader","org.quantumbadger.redreader","G",1365084019,1432707352,67623333,111.811066468254,48,557,0,0,0,0,0,0,0,0,0,0,0,0
"RemoteDroid","omerjerk/RemoteDroid","in.umairkhan.remotedroid","G",1405931537,1478769793,72838256,120.433624338624,16,104,0,0,0,0,0,0,0,0,0,0,0,0
"Report-Malaysia-Taxi","sweetiepiggy/Report-Malaysia-Taxi","com.sweetiepiggy.reportmalaysiataxi","G",1328685759,1375710006,47024247,77.7517311507936,23,261,0,0,0,0,NA,0,0,0,0,NA,0,0
"Reweyou","varunn12/Reweyou","in.reweyou.reweyou","G",1475651588,1484148220,8496632,14.048664021164,13,463,0,0,0,0,0,0,0,0,0,0,0,0
"RxWeather","feresr/RxWeather","com.feresr.weather","G",1444074752,1471148093,27073341,44.7641220238095,12,78,0,0,0,0,0,0,0,0,0,0,0,0
"SDOViewer","marcopar/SDOViewer","eu.flatworld.android.sdoviewer","G",1424643196,1489095777,64452581,106.568420965608,23,90,0,0,0,0,0,0,0,0,0,0,0,0
"SGLVertretungsplan","randombyte-developer/SGLVertretungsplan","de.randombyte.sglvertretungsplan","G",1439574099,1448475796,8901697,14.7184143518519,9,83,0,0,0,0,0,0,0,0,0,0,0,0
"SGit","sheimi/SGit","me.sheimi.sgit","F",1376670602,1478212828,101542226,167.893892195767,21,219,0,0,0,0,0,0,0,0,0,0,0,0
"SRBase","emerssso/SRBase","com.gmail.emerssso.srbase","G",1389714200,1476399166,86684966,143.328316798942,12,191,0,0,0,0,0,0,0,0,0,0,0,0
"Safegees","VictorPurMar/Safegees","org.safegees.safegees","G",1451325654,1476269511,24943857,41.2431498015873,8,85,0,0,0,0,0,0,0,0,0,0,0,0
"SamaraTransport","nikolaychernov/SamaraTransport","com.nikolaychernov.samaratransport","G",1426795195,1452970109,26174914,43.2786276455026,17,57,0,0,0,0,0,0,0,0,0,0,0,0
"SawimNE","gerc99/SawimNE","ru.sawim","F",1371571441,1475839754,104268313,172.401311177249,88,725,0,0,0,0,0,0,0,0,0,0,0,0
"SchoolPlanner4Untis","makubi/SchoolPlanner4Untis","edu.htl3r.schoolplanner","G",1304017343,1475499873,171482530,283.535929232804,40,545,0,0,0,0,0,0,0,0,0,0,0,0
"SecondStory-Android","JesseScott/SecondStory-Android","com.theonlyanimal.secondstory","G",1393460122,1454827754,61367632,101.467645502645,13,188,0,0,0,0,NA,0,0,0,0,NA,0,NA
"SendWithFtp","mtotschnig/SendWithFtp","org.totschnig.sendwithftp","F",1336344263,1463956875,127612612,210.999689153439,13,67,0,0,0,0,NA,NA,0,0,NA,NA,NA,0
"ShatteredPixelDungeon","NicoAdams/ShatteredPixelDungeon","com.shatteredpixel.shatteredpixeldungeon","G",1406396072,1478473182,72077110,119.175115740741,50,939,0,0,0,0,0,0,0,0,0,0,0,0
"Simple-Dilbert","smarek/Simple-Dilbert","com.mareksebera.dilbert","F",1364246554,1482490997,118244443,195.509991732804,23,308,0,0,0,0,0,0,0,0,0,0,0,0
"SimpleBitcoinWidget","hwki/SimpleBitcoinWidget","com.brentpanther.bitcoinwidget","F",1364159880,1493089073,128929193,213.176575727513,32,51,0,0,0,0,0,NA,0,0,0,0,NA,0
"SimpleRunTracker","goodkode/SimpleRunTracker","net.takoli.simpleruntracker","G",1395596997,1465237052,69640055,115.145593584656,34,232,0,0,0,0,0,0,0,0,0,0,0,0
"SliderSynth","marcopar/SliderSynth","eu.flatworld.android.slider","G",1392067512,1473450001,81382489,134.560993716931,9,37,0,0,0,0,0,0,0,0,NA,0,0,0
"Snake-2","JoelEager/Snake-2","com.byte_games.snake2","G",1389560153,1452398015,62837862,103.898581349206,8,37,0,0,0,0,0,0,0,0,0,0,0,0
"StarfieldScreensaver","brandaogabe/StarfieldScreensaver","com.skytrait.spacedream&amp","G",1455756955,1484619995,28863040,47.7232804232804,18,71,0,0,0,0,0,0,0,0,0,0,0,0
"SteamworksScoutingApp","ajayyy/SteamworksScoutingApp","ca.lakeeffect.scoutingapp","G",1474408577,1492722029,18313452,30.2801785714286,12,64,0,0,0,NA,NA,0,0,0,0,NA,0,NA
"SudoQ","SDEagle/SudoQ","de.sudoq","F",1332944615,1442534256,109589641,181.199803240741,9,21,0,0,0,0,0,0,0,0,0,0,0,0
"SwarmPulse","JeanAnouilh/SwarmPulse","ch.ethz.coss.nervous.pulse","G",1442416696,1479100254,36683558,60.6540310846561,13,194,0,0,0,0,0,0,0,0,0,NA,0,0
"SyncMyPix","nloko/SyncMyPix","com.nloko.android.syncmypix","F",1251533516,1350720837,99187321,164.000200066138,21,243,0,0,0,0,0,0,0,0,0,0,0,0
"TD","CiTuX/TD","ch.citux.td","F",1358955731,1475328820,116373089,192.415821759259,26,130,0,0,0,0,0,0,0,0,0,0,0,0
"TIIK","MojRoid/TIIK","com.tiikit.tiik","G",1426607537,1465833952,39226415,64.8584904100529,13,316,0,0,0,0,NA,0,0,0,0,NA,0,0
"Tacere","ciasaboark/Tacere","org.ciasaboark.tacere.key","F",1371929801,1451059683,79129882,130.83644510582,22,152,0,0,0,0,0,0,0,0,0,0,0,0
"Telegram","DrKLO/Telegram","org.telegram.messenger","W",1382714340,1490918285,108203945,178.908639219577,40,213,0,0,0,0,0,0,0,0,0,0,0,0
"TelephonyDemo","luocaca/TelephonyDemo","teaonly.droideye","G",1343253280,1430991277,87737997,145.069439484127,9,94,0,0,0,0,NA,0,0,0,NA,NA,0,0
"Teleprompter","danielfmsouza/Teleprompter","com.easyapps.teleprompter","G",1469999308,1491092873,21093565,34.8769262566138,10,72,0,0,NA,0,NA,0,0,0,NA,NA,0,0
"Timer","dpadgett/Timer","org.dpadgett.timer","F",1326161885,1392880154,66718269,110.314598214286,14,144,0,0,0,0,0,0,0,0,0,0,0,0
"TimisoaraPublicTransport","MihaiBalint/TimisoaraPublicTransport","ro.mihai.tpt&amp","G",1302855992,1471566815,168710823,278.953080357143,43,243,0,0,0,0,0,0,0,0,0,0,0,0
"TintBrowser","Anasthase/TintBrowser","org.tint","F",1329242531,1432918425,103675894,171.421782407407,27,179,0,0,0,0,0,0,0,0,0,0,0,0
"TowerCollector","zamojski/TowerCollector","info.zamojski.soft.towercollector","G",1456773451,1477911152,21137701,34.9499024470899,20,117,0,0,0,0,0,0,0,0,0,0,0,0
"Train","rpandey1234/Train","com.trainapp","G",1456444022,1490079673,33635651,55.6145023148148,31,562,0,0,NA,0,0,0,0,0,NA,0,0,0
"Traktoid","florianmski/Traktoid","com.florianmski.tracktoid","F",1319658310,1425947694,106289384,175.743029100529,23,95,0,0,0,0,0,0,0,0,0,0,0,0
"Transit","jakkra/Transit","se.jakobkrantz.transit.app","G",1416252294,1488032096,71779802,118.68353505291,9,53,0,0,0,0,0,0,0,0,0,0,0,NA
"TransportsRennes","ybonnel/TransportsRennes","fr.ybo.transportsrennes","F",1292279980,1491765013,199485033,329.836364087302,184,1271,0,0,0,0,0,0,0,0,0,0,0,0
"Traxi","LabPLC/Traxi","codigo.labplc.mx.traxi&amp","G",1398806624,1435080604,36273980,59.9768187830688,9,69,0,0,0,0,0,0,0,0,0,NA,0,0
"Umbrella_android","securityfirst/Umbrella_android","org.secfirst.umbrella","F",1412542502,1491814535,79272033,131.071483134921,50,650,0,0,0,0,0,0,0,0,0,0,0,0
"Ursmu","iljaosintsev/Ursmu","ru.ursmu.application","G",1380015632,1485251561,105235929,174.001205357143,22,280,0,0,0,0,0,0,0,0,0,0,0,0
"VDiary","Sid25081998/VDiary","com.fourthstatelabs.zchedule","G",1480601082,1492619264,12018182,19.8713326719577,13,150,0,0,0,0,0,0,0,0,0,0,0,0
"VideoInfoViewer","hoolrory/VideoInfoViewer","com.roryhool.videoinfoviewer","G",1392500127,1477007365,84507238,139.727576058201,13,166,0,0,0,0,0,0,0,0,0,0,0,0
"VisitHeritage","railsstudent/VisitHeritage","com.blueskyconnie.visitheritage&amp","G",1388597031,1421774603,33177572,54.8570965608466,9,70,0,0,0,0,0,0,0,0,0,0,0,NA
"VoiceControlForPlex","atomjack/VoiceControlForPlex","com.atomjack.vcfp","G",1387764556,1484243842,96479286,159.522628968254,49,397,0,0,0,0,0,0,0,0,0,0,0,0
"WITRoomFinder","DavidWigley/WITRoomFinder","wigleyd.witroomfinder&amp","G",1450145465,1485542915,35397450,58.5275297619048,15,88,0,0,0,0,NA,0,0,0,0,NA,0,0
"Wallet32","ksedgwic/Wallet32","com.bonsai.wallet32","G",1380583546,1413909042,33325496,55.1016798941799,37,370,0,0,0,0,0,0,0,0,0,0,0,0
"WhatSongIsItAnyway","Bandits789/WhatSongIsItAnyway","com.wsiia","G",1393437224,1404170406,10733182,17.7466633597884,8,214,0,0,NA,0,NA,0,0,0,NA,NA,0,0
"WhosMakingTheBrew","jamesmorgan/WhosMakingTheBrew","com.morgan.design","G",1382274779,1448793508,66518729,109.984670965608,8,52,0,0,0,0,0,0,0,0,0,0,0,0
"WingIt","MobileDevelopersOfBerkeley/WingIt","com.mdb.wingit.wingit&amp","G",1478385979,1493008929,14622950,24.1781580687831,13,311,0,0,NA,0,0,0,0,0,NA,0,0,0
"Winnipeg-Transit-Plus","KieranL/Winnipeg-Transit-Plus","com.kieran.winnipegbus","G",1438653968,1490756733,52102765,86.1487516534391,11,27,0,0,0,0,0,0,0,0,0,0,0,0
"WortschatzGradle","olyv/WortschatzGradle","com.olyv.wortschatz.ui","G",1421846264,1491042997,69196733,114.412587632275,11,82,0,0,0,0,0,0,0,0,0,NA,0,NA
"XAlarm","yuanyu0714/XAlarm","com.yuanyu.xalarm","G",1394059202,1406900920,12841718,21.2329993386243,12,203,0,0,0,0,0,0,0,0,0,0,0,0
"Yaaic","Exodus92/Yaaic","org.yaaic","G",1242401569,1444591320,202189751,334.308450727513,37,690,0,0,0,0,0,0,0,0,0,0,0,0
"Yut","superjeffreyc/Yut","com.jeffreychan.yunnori","G",1455375018,1489953106,34578088,57.1727645502646,16,243,0,0,0,0,0,0,0,0,0,0,0,0
"ZShaolin","dyne/ZShaolin","org.dyne.zshaolin","G",1327163857,1419202348,92038491,152.180044642857,13,122,0,0,0,0,0,0,0,0,0,NA,0,NA
"abstract-art","gwhiteside/abstract-art","net.georgewhiteside.android.abstractart","F",1330049711,1344527846,14478135,23.9387152777778,18,164,0,0,0,0,0,0,0,0,0,NA,0,0
"acalc","s0nicyouth/acalc","com.syouth.acalc","G",1440175705,1493474400,53298695,88.1261491402116,22,167,0,0,0,0,0,0,0,0,0,0,0,0
"adventures-of-kobe","jfsaaved/adventures-of-kobe","com.mygdx.runrunrun.android","G",1437798246,1449446282,11648036,19.2593187830688,19,235,0,0,0,0,0,0,0,0,0,0,0,0
"ametro","RomanGolovanov/ametro","org.ametro","G",1261840432,1457814404,195973972,324.031038359788,32,410,0,0,0,0,0,0,0,0,0,0,0,0
"android-CPU-tuner","vogtp/android-CPU-tuner","ch.amana.android.cputuner","F",1288723141,1387397155,98674014,163.151478174603,72,1535,0,0,0,0,0,0,0,0,0,0,0,0
"android-WebSearch","balesz/android-WebSearch","net.solutinno.websearch","G",1374143687,1441201588,67057901,110.876159060847,10,116,0,0,NA,0,NA,0,0,0,NA,NA,0,0
"android-branch-deep-linking","BranchMetrics/android-branch-deep-linking","io.branch.branchster","G",1401747439,1492027462,90280023,149.272524801587,127,1160,0,0,0,0,0,0,0,0,0,0,0,0
"android-chess","doniyorprince95/android-chess","jwtc.android.chess","G",1396093128,1474211046,78117918,129.163224206349,55,264,0,0,0,0,0,0,0,0,0,0,0,0
"android-diversidade-app","OpenMindBR/android-diversidade-app","br.edu.ifce.engcomp.francis.diversidade","G",1455885740,1477104170,21218430,35.0833829365079,9,65,0,0,0,0,0,0,0,0,0,0,0,0
"android-galaxyzoo","murraycu/android-galaxyzoo","com.murrayc.galaxyzoo.app","W",1404303542,1492696263,88392721,146.151985780423,63,1467,0,0,0,0,0,0,0,0,0,0,0,0
"android-manet-manager","ProjectSPAN/android-manet-manager","org.span","G",1343439508,1390794892,47355384,78.299246031746,13,46,0,0,0,0,0,0,0,0,0,0,0,0
"android-midisuite","philburk/android-midisuite","com.mobileer.example.midiscope","G",1444776698,1484503513,39726815,65.6858713624339,13,53,0,0,0,0,0,0,0,0,NA,0,0,NA
"android-quill","ryanamaral/android-quill","com.write.Quill","G",1325642090,1428873105,103231015,170.686202050265,18,105,0,0,0,0,0,0,0,0,0,0,0,0
"android-simple-gameapi","jansoren/android-simple-gameapi","com.machinegames.othello","G",1350321287,1376999224,26677937,44.1103455687831,17,84,0,NA,NA,0,0,0,0,NA,NA,0,0,0
"android-tvheadend","kiall/android-tvheadend","ie.macinnes.tvheadend","G",1465493659,1493576594,28082935,46.4334242724868,24,327,0,0,0,0,0,0,0,0,0,0,0,0
"android-wear-expense-tracker","bestan/android-wear-expense-tracker","lv.bestan.android.wear.expensestracker","G",1404506862,1466873109,62366247,103.118794642857,10,94,0,0,NA,0,NA,0,0,0,NA,NA,0,NA
"android_firewall","skullone/android_firewall","com.jtschohl.androidfirewall","F",1351473435,1406128812,54655377,90.3693402777778,39,158,0,0,0,0,0,0,0,0,0,0,0,0
"android_packages_apps_AeroControl","Blechd0se/android_packages_apps_AeroControl","com.aero.control","F",1374345321,1459690820,85345499,141.113589616402,60,513,0,0,0,0,0,0,0,0,0,0,0,0
"android_packages_apps_Focal","xplodwild/android_packages_apps_Focal","fr.xplod.focal.donate","F",1369329101,1392980869,23651768,39.1067592592593,17,419,0,0,0,0,0,0,0,0,0,0,0,0
"anyplace","dmsl/anyplace","com.dmsl.anyplace","G",1440664784,1493127042,52462258,86.7431514550264,12,37,0,0,0,0,0,0,0,0,0,0,0,0
"art-thief","ryanpconnors/art-thief","com.ryanpconnors.artthief","G",1454971640,1487448670,32477030,53.698792989418,15,159,0,0,0,NA,0,0,0,0,0,NA,0,NA
"audioguide","oss-fruct-org/audioguide","org.fruct.oss.audioguide","G",1392798150,1428833016,36034866,59.5814583333333,23,330,0,0,0,0,0,0,0,0,0,0,0,0
"bachamada","chillcoding-at-the-beach/bachamada","fr.machada.bpm","G",1438240102,1467207403,28967301,47.8956696428571,18,183,0,0,0,0,0,0,0,0,0,NA,0,0
"batterylogger","walles/batterylogger","com.gmail.walles.johan.batterylogger","G",1404243615,1474475064,70231449,116.123427579365,18,177,0,0,0,0,0,0,0,0,0,NA,0,0
"beacons-android","uriio/beacons-android","com.uriio","G",1462571555,1491224321,28652766,47.3756051587302,13,56,0,0,0,0,0,0,0,0,0,0,0,0
"bl-battstatus-android","adrian-bl/bl-battstatus-android","ch.blinkenlights.battery","F",1303555750,1416251611,112695861,186.335749007936,9,47,0,0,0,NA,0,NA,0,0,0,0,NA,NA
"blokish","scoutant/blokish","org.scoutant.blokish","G",1303374558,1486050941,182676383,302.044284060847,13,41,0,0,0,0,0,0,0,0,0,NA,0,0
"blurlesspost","vinz313/blurlesspost","com.gmail.vinz313.blurless_imaging_android","G",1445955703,1455665743,9710040,16.0549603174603,9,17,0,0,0,0,0,0,0,0,0,0,0,0
"breadwallet-android","breadwallet/breadwallet-android","com.breadwallet","G",1434421966,1490052807,55630841,91.9822106481482,78,594,0,0,0,0,0,0,0,0,0,0,0,0
"btcapp","christarazi/btcapp","app.CT.BTCCalculator","G",1393985234,1487804462,93819228,155.124384920635,12,84,0,0,0,NA,NA,0,0,0,NA,NA,0,NA
"buddycloud-android","buddycloud/buddycloud-android","com.buddycloud","F",1359985666,1426005714,66020048,109.160132275132,40,374,0,0,0,0,0,0,0,0,0,0,0,0
"bullshit-bingo-champion","denisk20/bullshit-bingo-champion","com.denisk.bullshitbingochampion","G",1405774876,1433864427,28089551,46.4443634259259,14,123,0,0,0,0,NA,0,0,0,0,NA,0,0
"bumpingbunnies","hinnerkoetting/bumpingbunnies","de.oetting.bumpingbunnies","G",1369422208,1454249692,84827484,140.257083333333,42,922,0,0,0,0,0,0,0,0,0,0,0,0
"businessmap","yuukis/businessmap","com.github.yuukis.businessmap","G",1375894529,1404319589,28425060,46.9991071428571,15,128,0,0,0,0,0,0,0,0,0,NA,0,NA
"calculator-v2","scottmangiapane/calculator-v2","com.scottmangiapane.calculatorv2","G",1450585173,1481402351,30817178,50.9543287037037,8,92,0,0,0,NA,0,0,0,0,0,0,0,NA
"chinese-checkers","hongsenliu/chinese-checkers","org.scoutant.cc","G",1309183676,1354724585,45540909,75.2991220238095,9,89,0,0,0,0,0,0,0,0,NA,0,0,0
"clash_of_balls","bkueng/clash_of_balls","com.sapos_aplastados.game.clash_of_balls","G",1352998987,1367047967,14048980,23.2291335978836,11,416,0,0,0,0,0,0,0,0,0,0,0,0
"comicdroid","ZNS/comicdroid","com.zns.comicdroid","G",1354640697,1381142681,26501984,43.819417989418,19,92,0,0,0,0,0,0,0,0,0,0,0,0
"cominghome","rmceoin/cominghome","net.mceoin.cominghome","G",1408581763,1450053094,41471331,68.5703224206349,29,158,0,0,0,0,0,0,0,0,0,0,0,0
"congress-android","sunlightlabs/congress-android","com.sunlightlabs.android.congress","G",1250099413,1400272439,150173026,248.301960978836,99,1458,0,0,0,0,0,0,0,0,0,0,0,0
"cricdecode","SaurabhNetra/cricdecode","co.acjs.cricdecode&amp","G",1372176180,1443195294,71019114,117.425783730159,27,472,0,0,0,0,0,0,0,0,0,0,0,0
"crm","Odoo-mobile/crm","com.odoo.crm","F",1404458210,1434540480,30082270,49.739203042328,27,197,0,0,0,0,0,0,0,0,0,0,0,0
"cryptogram","pflammertsma/cryptogram","com.pixplicity.cryptogram","F",1477663924,1493208967,15545043,25.7027827380952,10,265,0,0,0,0,0,0,0,0,0,0,0,0
"currency-and-stock-widget","romanchekashov/currency-and-stock-widget","ru.besttuts.stockwidget","G",1421747083,1489701442,67954359,112.35839781746,12,55,0,0,0,0,0,0,0,0,0,0,0,0
"datFM","ZorgeR/datFM","com.zlab.datFM","F",1360098215,1469043257,108945042,180.133998015873,15,177,0,0,0,0,0,0,0,0,0,0,0,NA
"deckerino","efarraro/deckerino","com.slothwerks.hearthstone.compendiumforhearthstone","G",1410311522,1417997705,7686183,12.7086359126984,8,48,0,0,0,0,0,0,0,0,0,0,0,0
"dotdash-keyboard-android","agwells/dotdash-keyboard-android","net.iowaline.dotdash&amp","G",1326099929,1450348135,124248206,205.436848544974,10,80,0,0,0,0,NA,0,0,0,0,NA,0,NA
"droidling","ktrnka/droidling","com.github.ktrnka.droidling","G",1355980073,1414384234,58404161,96.567726521164,25,99,0,0,0,0,NA,0,0,0,0,NA,0,0
"earthquake","gecko655/earthquake","jp.gecko655.earthquake","G",1401328925,1411903993,10575068,17.4852314814815,9,86,0,0,NA,0,NA,0,0,0,NA,NA,NA,NA
"eshotroid-legacy","mehmetakiftutuncu/eshotroid-legacy","com.mehmetakiftutuncu.eshotroid","G",1362873468,1390417786,27544318,45.5428538359788,11,26,0,0,0,0,0,0,0,0,0,0,0,0
"ferticalc","andhikai/ferticalc","de.arnowelzel.android.periodical","G",1341385306,1439648566,98263260,162.472321428571,21,87,0,0,0,NA,NA,0,0,0,0,NA,0,NA
"ffinder","soulwraith/ffinder","com.ffinder.android","G",1473780375,1488286859,14506484,23.9855886243386,10,121,0,0,0,0,0,0,0,0,0,0,0,0
"fhp-eduroam","saschier/fhp-eduroam","uk.ac.swansea.eduroamcat","G",1457432293,1492170744,34738451,57.4379150132275,8,61,0,0,0,0,0,0,0,0,0,NA,0,0
"flowgrid","stefanhaustein/flowgrid","org.flowgrid","G",1451742081,1493077956,41335875,68.3463541666667,24,130,0,0,0,0,0,0,0,0,0,0,0,0
"foursquared","murat8505/foursquared","com.joelapenna.foursquared","G",1267315238,1442517371,175202133,289.686066468254,29,379,0,0,0,0,0,0,0,0,0,0,0,0
"frc-notebook","phil-lopreiato/frc-notebook","com.plnyyanks.frcnotebook","G",1393094719,1489516370,96421651,159.427333002645,9,131,0,0,0,0,0,0,0,0,0,0,0,0
"freehandtwitter","joeybronner/freehandtwitter","fr.joeybronner.freehandtwitter","G",1421439552,1475661625,54222073,89.652898478836,9,35,0,0,0,NA,NA,0,0,0,0,NA,0,NA
"geo","surkovalexandr/geo","com.nextgis.mobile","G",1368735943,1459858447,91122504,150.665515873016,15,66,0,0,0,0,0,0,0,0,0,0,0,0
"grtransit","gdmalet/grtransit","net.kw.shrdlu.grtgtfs","F",1306210657,1474913640,168702983,278.94011739418,40,146,0,0,0,0,0,0,0,0,0,0,0,0
"hacked","doerfli/hacked","li.doerf.hacked","G",1473115186,1490562091,17446905,28.8473958333333,14,192,0,0,0,0,0,0,0,0,NA,0,0,0
"ham.android","Smerty/ham.android","com.smerty.ham","F",1273960391,1375567575,101607184,168.001296296296,9,44,0,0,0,0,0,0,0,0,0,NA,0,NA
"hearing-saver","jakebasile/hearing-saver","com.jakebasile.android.hearingsaver","F",1291481667,1424369941,132888274,219.72267526455,12,62,0,0,NA,NA,0,0,0,NA,NA,0,0,NA
"helsinki-testbed2-android","mvestola/helsinki-testbed2-android","fi.testbed2","G",1347784633,1479488935,131704302,217.765049603175,10,141,0,0,0,0,0,0,0,0,0,0,0,0
"honeybadger","fjer/honeybadger","com.honeybadger","F",1338595325,1414614553,76019228,125.693167989418,12,32,0,0,0,0,0,0,0,0,0,0,0,0
"how-far","leszko/how-far","com.summercoding.howfar","G",1400004352,1434093400,34089048,56.3641666666667,11,91,0,0,NA,0,NA,NA,0,0,NA,NA,NA,0
"hubble_gallery","derekcsm/hubble_gallery","com.derek_s.hubble_gallery","F",1432453760,1482959115,50505355,83.5075314153439,10,72,0,0,0,0,0,0,0,0,NA,0,0,0
"instachat","kkawai/instachat","com.instachat.android","G",1466509400,1490195874,23686474,39.1641435185185,24,399,0,0,0,0,0,0,0,0,0,0,0,0
"intent-intercept","intrications/intent-intercept","uk.co.ashtonbrsc.android.intentintercept","F",1338463546,1471617900,133154354,220.162622354497,19,109,0,0,0,0,NA,0,0,0,0,NA,0,0
"iosched","google/iosched","com.google.samples.apps.iosched","W",1342033419,1493662220,151628801,250.708996362434,29,536,0,0,0,0,0,0,0,0,0,0,0,0
"itrackmygps-android","rdeguzman/itrackmygps-android","com.twormobile.itrackmygps","G",1379994330,1466243474,86249144,142.607711640212,12,209,0,0,0,NA,0,0,0,0,0,0,0,NA
"jPlayer","JoshuaChing/jPlayer","com.jchingdev.jplayer","G",1390196036,1440642448,50446412,83.4100727513228,9,80,0,0,0,NA,0,0,0,0,0,NA,0,NA
"java-android-developertools","roys/java-android-developertools","com.roysolberg.android.developertools&amp","G",1434573530,1488046832,53473302,88.4148511904762,9,33,0,0,0,NA,NA,0,0,0,0,NA,0,NA
"jcertif-android-2012","JCERTIFLab/jcertif-android-2012","com.jcertif.android&amp","G",1308123028,1353114249,44991221,74.3902463624339,17,51,0,0,0,0,0,0,0,0,0,0,0,0
"jkl","SharkMolace/jkl","com.telerik.examples&amp","G",1391182280,1484750197,93567917,154.708857473545,47,260,0,0,0,0,0,0,0,0,0,0,0,0
"jumplings","garrapeta/jumplings","com.garrapeta.jumplings","G",1344119609,1418814629,74695020,123.503670634921,17,185,0,0,0,0,0,0,0,0,0,0,0,0
"kegs","jamessanford/kegs","com.froop.app.kegs","G",1344296055,1399425655,55129600,91.1534391534392,16,128,0,0,0,0,0,0,0,0,0,0,0,0
"klingon-assistant","De7vID/klingon-assistant","org.tlhInganHol.android.klingonassistant","G",1347565699,1493628354,146062655,241.505712632275,98,1343,0,0,0,0,0,0,0,0,0,0,0,0
"knufficast","Crazywater/knufficast","de.knufficast","G",1348960808,1360427039,11466231,18.9587152777778,11,97,0,0,0,NA,0,0,0,0,NA,0,NA,NA
"kouchat-android","blurpy/kouchat-android","net.usikkert.kouchat.android","F",1321383411,1472833023,151449612,250.412718253968,69,1125,0,0,0,0,0,0,0,0,0,0,0,0
"lbm-client","orenyodfat/lbm-client","com.lazooz.lbm&amp","G",1404399613,1421580062,17180449,28.4068270502645,20,140,0,0,0,0,0,0,0,0,0,0,0,0
"learning","dragthor/learning","com.kriskrause.learning","G",1388316016,1489183102,100867086,166.777589285714,17,141,0,0,0,0,0,0,0,0,0,0,0,0
"lens-launcher","huy-lv/lens-launcher","nickrout.lenslauncher","G",1459467078,1490958848,31491770,52.0697255291005,17,234,0,0,0,0,0,0,0,0,0,0,0,0
"lewica-pl-android","chris-kobrzak/lewica-pl-android","pl.lewica.lewicapl&amp","G",1318636014,1407512005,88875991,146.951043320106,15,125,0,0,0,NA,0,0,0,0,0,0,0,NA
"lfnw","davidschwegler/lfnw","com.appenjoyment.lfnw","G",1366529611,1461652016,95122405,157.279108796296,8,127,0,0,0,0,0,0,0,0,0,0,0,0
"madrid-pollution-android-app","GreenLionSoft/madrid-pollution-android-app","com.greenlionsoft.pollution.madrid","G",1445762411,1493287242,47524831,78.5794163359788,19,187,0,0,0,0,0,0,0,0,0,0,0,0
"maniana","cstroe/maniana","com.zapta.apps.maniana","G",1328338052,1371047979,42709927,70.618265542328,28,374,0,0,0,0,0,0,0,0,0,0,0,0
"masterpassword","dkunzler/masterpassword","de.devland.masterpassword","F",1408830183,1485113160,76282977,126.129260912698,29,200,0,0,0,0,0,0,0,0,0,0,0,0
"materialistic","hidroh/materialistic","iohub.hidroh.materialistic","F",1421899434,1493548805,71649371,118.467875330688,71,1532,0,0,0,0,0,0,0,0,0,0,0,0
"mathtools","aminb/mathtools","org.aminb.mathtools.app","F",1400285328,1415680554,15395226,25.4550694444444,9,104,0,0,0,NA,NA,0,0,0,0,NA,0,NA
"mdapp","olejon/mdapp","net.olejon.mdapp","F",1419174484,1489013763,69839279,115.474998346561,12,33,0,0,0,0,0,0,0,0,0,0,0,0
"meeba","espiegel/meeba","com.meeba.google&amp","G",1383766241,1428566228,44799987,74.0740525793651,11,246,0,0,0,0,0,0,0,0,0,0,0,0
"memo","axlecho/memo","axlecho.memo","G",1391664969,1441722064,50057095,82.7663607804233,8,78,0,0,0,0,0,0,0,0,0,0,0,0
"message-counter","midhunhk/message-counter","com.ae.apps.messagecounter","G",1367552039,1480524541,112972502,186.793158068783,44,183,0,0,0,0,0,0,0,0,0,0,0,0
"messaging","Odoo-mobile/messaging","com.odoo","G",1377608595,1416220921,38612326,63.8431316137566,23,258,0,0,0,0,0,0,0,0,0,0,0,0
"meteopl-unofficial","dbacinski/meteopl-unofficial","pl.dariuszbacinski.meteo","G",1442950068,1453130532,10180464,16.8327777777778,14,176,NA,NA,NA,NA,NA,NA,NA,NA,NA,NA,NA,NA
"mgcube","bompo/mgcube","de.redlion.qb","F",1307984849,1387105924,79121075,130.821883267196,12,243,0,0,0,0,0,0,0,0,0,0,0,NA
"micopi_android","easytargetmixel/micopi_android","com.easytarget.micopi","G",1398099185,1488050434,89951249,148.728916997355,8,31,0,0,0,0,0,0,0,0,0,0,0,0
"miita-android","naoto0822/miita-android","com.naoto.yamaguchi.miita","G",1466518286,1486642962,20124676,33.2749272486773,28,766,0,0,NA,0,0,0,0,0,NA,0,0,0
"moscrop-secondary-app","moscrop-secondary-school/moscrop-secondary-app","com.moscrop.official","G",1403503658,1444114062,40610404,67.146832010582,27,427,0,0,0,0,0,0,0,0,0,0,0,0
"movianremote","claha/movianremote","com.claha.showtimeremote","G",1413898777,1479904178,66005401,109.135914351852,19,78,0,0,0,NA,0,NA,0,0,0,0,NA,NA
"msg","DownStarter/msg","org.solovyev.android.messenger","G",1340821564,1396862583,56041019,92.6604150132275,40,864,0,0,0,0,0,0,0,0,0,0,0,0
"mst","makings/mst","org.qii.weiciyuan","G",1343312584,1357972011,14659427,24.2384705687831,24,1579,0,0,0,0,0,0,0,0,0,0,0,0
"myGitHubLibrary","80171703/myGitHubLibrary","paolorotolo.github.com.appintroexample&amp","G",1433347330,1468235533,34888203,57.6855208333333,23,246,0,NA,NA,NA,0,0,0,NA,NA,0,0,NA
"my_ip_address_info","adamkdot/my_ip_address_info","com.adamkruger.myipaddressinfo","F",1410920997,1429829659,18908662,31.2643220899471,10,57,0,0,0,0,0,0,0,0,NA,NA,0,0
"mycelium-wallet","ymmah/mycelium-wallet","com.mycelium.wallet","G",1371117161,1482231080,111113919,183.720104166667,99,345,0,0,0,0,0,0,0,0,0,0,0,0
"na4lapy-android","na4lapy/na4lapy-android","pl.kodujdlapolski.na4lapy","G",1456347654,1492728329,36380675,60.153232473545,34,267,0,0,0,0,0,0,0,0,0,0,0,0
"narmon-client","Helius/narmon-client","com.ghelius.narodmon&amp","G",1355901337,1427780787,71879450,118.848296957672,36,267,0,0,0,0,0,0,0,0,0,0,0,0
"nervousnet-android","prasad79/nervousnet-android","ch.ethz.coss.nervousnet.hub","G",1449680288,1476787186,27106898,44.8196064814815,29,268,0,0,0,0,0,0,0,0,0,0,0,0
"nomprenom","Sushinski/nomprenom","com.nomprenom2","G",1455886047,1491637686,35751639,59.1131597222222,38,143,0,0,0,0,NA,0,0,0,0,NA,0,0
"nuntius-android","holylobster/nuntius-android","org.holylobster.nuntius","G",1425405642,1468044305,42638663,70.5004348544974,9,74,0,0,0,NA,NA,0,0,0,0,NA,0,NA
"openarchive","OpenArchive/openarchive","net.opendasharchive.openarchive.release","F",1418417404,1492025204,73607800,121.706018518519,22,200,0,0,0,0,0,0,0,0,0,0,0,0
"opencomicreader","sketchpunk/opencomicreader","com.sketchpunk.ocomicreader","F",1347919522,1477875693,129956171,214.874621362434,24,79,0,0,0,0,0,0,0,0,0,0,0,0
"opentraining","chaosbastler/opentraining","de.skubware.training_app","F",1345455343,1457879512,112424169,185.88652281746,39,339,0,0,0,0,0,0,0,0,0,0,0,0
"org.numixproject.hermes","numixproject/org.numixproject.hermes","org.numixproject.hermes","G",1421247497,1439371497,18124000,29.9669312169312,26,174,0,0,0,0,0,0,0,0,0,0,0,NA
"pMetro","Utyff/pMetro","com.utyf.pmetro","G",1439051096,1488644660,49593564,81.9999404761905,15,64,0,0,0,0,0,0,0,0,0,0,0,NA
"pOT-Droid","janoliver/pOT-Droid","com.mde.potdroid","F",1377425830,1493635182,116209352,192.145092592593,33,385,0,0,0,0,0,0,0,0,0,0,0,0
"palabras","v1k/palabras","com.mates120.myword","G",1370822494,1415412910,44590416,73.7275396825397,19,88,0,0,NA,0,0,0,0,0,NA,0,0,0
"pandt2","soulwraith/pandt2","com.mygdx.potatoandtomato.android","G",1448946232,1488287146,39340914,65.0478075396825,29,108,0,0,0,0,0,0,0,0,0,0,0,0
"pile-on","PileOnDevs/pile-on","com.game.pileon","G",1345687890,1362895044,17207154,28.4509821428571,12,52,0,0,0,0,0,0,0,0,0,0,0,NA
"podplayer","mamewotoko/podplayer","com.mamewo.podplayer0","G",1340721729,1485073199,144351470,238.676372354497,53,762,0,0,0,0,0,0,0,0,0,0,0,0
"pressureNET","Cbsoftware/pressureNET","ca.cumulonimbus.barometernetwork","F",1353905973,1439407697,85501724,141.371898148148,91,999,0,0,0,0,0,0,0,0,0,0,0,0
"prettygoodmusicplayer","smithdtyler/prettygoodmusicplayer","com.smithdtyler.prettygoodmusicplayer","G",1407640253,1491274757,83634504,138.284563492063,20,174,0,0,0,NA,NA,0,0,0,0,NA,0,NA
"prevo","bpeel/prevo","uk.co.busydoingnothing.prevo","G",1340395602,1491512543,151116941,249.862666997354,14,136,0,0,0,0,NA,0,0,0,0,NA,0,0
"quotograph","stanidesis/quotograph","com.stanleyidesis.quotograph&amp","G",1436151453,1477440922,41289469,68.2696246693122,36,284,0,0,0,0,0,0,0,0,0,0,0,0
"rbb","btmura/rbb","com.btmura.android.reddit","F",1326596003,1437965783,111369780,184.143154761905,87,2048,0,0,0,0,0,0,0,0,0,0,0,0
"red-sea-tools","HexTree/red-sea-tools","kaust.orientationapp&amp","G",1432414565,1449666851,17252286,28.5256051587302,9,95,0,0,0,0,0,0,0,0,0,0,0,0
"redbus","adq/redbus","org.redbus","G",1273606194,1489322250,215716056,356.673373015873,23,464,0,0,0,0,0,0,0,0,0,0,0,0
"reddinator","micwallace/reddinator","au.com.wallaceit.reddinator","F",1363338108,1484987836,121649728,201.140423280423,32,247,0,0,0,0,0,0,0,0,0,0,0,0
"reicast-emulator","reicast/reicast-emulator","com.reicast.emulator","F",1387473014,1483184822,95711808,158.253650793651,56,1271,0,0,0,0,0,0,0,0,0,0,0,0
"reminders","edsonduarte1990/reminders","com.lostrealm.lembretes","F",1387806909,1485126621,97319712,160.912222222222,22,98,0,0,0,NA,0,0,0,0,0,0,0,NA
"rensou-android-ADT","kyuuki/rensou-android-ADT","jp.kyuuki.rensou.android","G",1371129055,1426701082,55572027,91.8849652777778,19,76,0,0,NA,0,0,0,0,0,NA,0,0,0
"revolution-h2o","tgco/revolution-h2o","csci307.theGivingChild.CleanWaterGame","G",1367436217,1396781213,29344996,48.5201653439153,8,697,0,0,0,0,0,0,0,0,0,0,0,0
"ringdroid","google/ringdroid","com.ringdroid","F",1224271038,1480745615,256474577,424.065107473545,20,40,0,0,0,0,0,0,0,0,0,0,0,0
"sahara","snow/sahara","cc.firebloom.sahara","G",1345468144,1428158617,82690473,136.723665674603,9,71,0,0,0,0,0,0,0,0,0,0,0,0
"sailtrainer","mawis/sailtrainer","eu.wimmerinformatik.sbfb","G",1333915815,1451326686,117410871,194.131731150794,12,52,0,0,0,NA,0,0,0,0,0,0,0,NA
"sdEncuentro","gioRodriguez/sdEncuentro","com.sd.encuentrocatorce&amp","G",1389283131,1417821786,28538655,47.1869295634921,11,64,0,0,0,0,0,0,0,0,0,0,0,0
"secrecy","SecrecySupportTeam/secrecy","com.doplgangr.secrecy","G",1397896117,1488962161,91066044,150.572162698413,22,376,0,0,0,0,0,0,0,0,0,0,0,0
"sexytopo","richsmith/sexytopo","org.hwyl.sexytopo","G",1417130849,1489363729,72232880,119.432671957672,25,142,0,0,0,0,0,0,0,0,0,0,0,0
"sgpAndroid","geekosphere-net/sgpAndroid","info.staticfree.SuperGenPass&quot","G",1238351404,1451720346,213368942,352.792562830688,10,65,0,0,0,0,NA,0,0,0,0,NA,0,0
"show-java","niranjan94/show-java","com.njlabs.showjava","F",1387900610,1487907576,100006966,165.355433201058,14,278,0,0,0,0,0,0,0,0,0,0,0,0
"sigfood","cody82/sigfood","de.sigfood","F",1333759479,1476222043,142462564,235.553181216931,8,39,0,0,0,0,NA,0,0,0,0,NA,0,0
"signaltracker","tprzepiorka/signaltracker","tprz.signaltracker","G",1416354452,1463003087,46648635,77.1306795634921,10,90,0,0,0,0,0,0,0,0,0,0,0,0
"simulateur-de-placements","GiPiLab/simulateur-de-placements","org.gipilab.simulateurdeplacements","G",1456155423,1488829243,32673820,54.0241732804233,13,49,0,0,0,0,0,0,0,0,0,0,0,NA
"singkamas","nelze/singkamas","usbong.android.questionloader&amp","G",1426210967,1439864053,13653086,22.574546957672,19,143,0,0,0,0,NA,0,0,0,0,NA,0,0
"sipswitch","robert7k/sipswitch","eu.siebeck.sipswitch","F",1339416222,1490346733,150930511,249.554416335979,10,59,0,0,NA,NA,NA,0,0,0,NA,NA,0,NA
"skydivekompasroos","digitalica/skydivekompasroos","nl.digitalica.skydivekompasroos","G",1352766891,1439968460,87201569,144.182488425926,12,164,0,0,0,0,0,0,0,0,0,0,0,0
"smartcoins-wallet","kenCode-de/smartcoins-wallet","de.bitsharesmunich.smartcoinswallet","F",1466263712,1492464372,26200660,43.3211970899471,38,875,0,0,0,0,0,0,0,0,0,0,0,0
"smartnavi","Phantast/smartnavi","com.ilm.sandwich","F",1407159539,1480805020,73645481,121.768321759259,8,23,0,0,0,0,0,0,0,0,0,0,0,0
"smooth-app-bar-layout","henrytao-me/smooth-app-bar-layout","me.henrytao.smoothappbarlayout","G",1443342323,1487021858,43679535,72.2214533730159,20,207,0,0,0,0,0,0,0,0,0,0,0,0
"smsnenado","alopatindev/smsnenado","com.sbar.smsnenado","G",1375966665,1438910588,62943923,104.073946759259,17,181,0,0,0,0,0,0,0,0,0,0,0,0
"sokobug","bogdanguranda/sokobug","sokobug.android","G",1423779644,1435002852,11223208,18.5568915343915,15,194,0,0,0,0,0,0,0,0,0,0,0,0
"songsandhymnsoflife","darrengyl/songsandhymnsoflife","com.church.psalm","G",1444186716,1467953441,23766725,39.2968336640212,12,59,0,0,NA,0,0,0,0,0,NA,0,0,0
"southendtransportresearch","opensystemsassociation/southendtransportresearch","ioio.example.ioiohardwaretester&amp","G",1363016165,1375132483,12116318,20.0335945767196,10,97,0,0,0,0,0,0,0,0,NA,NA,0,NA
"spb-transport-app","ofelbaum/spb-transport-app","com.emal.android.transport.spb","G",1334039232,1413446441,79407209,131.294988425926,17,61,0,0,0,0,0,0,0,0,0,0,0,0
"speedofsound","jpeddicord/speedofsound","net.codechunk.speedofsound","F",1335275726,1478477524,143201798,236.775459656085,13,133,0,0,0,0,0,0,0,0,0,0,0,0
"sporthenon","shadmin/sporthenon","com.sporthenon.android","G",1381332599,1491571852,110239253,182.273897156085,102,429,0,0,0,0,0,0,0,0,0,0,0,0
"spotify-tv","sregg/spotify-tv","com.spotify.tv.android","G",1428792414,1487616875,58824461,97.2626669973545,15,130,0,0,0,0,0,0,0,0,0,0,0,0
"swipe-box","montecode/swipe-box","me.montecode.games.swipeball.android","G",1416648950,1421666922,5017972,8.29691137566138,8,27,0,0,0,0,0,0,0,0,0,0,0,0
"tiempobus","alberapps/tiempobus","alberapps.android.tiempobus","G",1365179635,1489859271,124679636,206.150191798942,43,176,0,0,0,0,0,0,0,0,0,0,0,0
"timelapse-sony","ThibaudM/timelapse-sony","com.thibaudperso.sonycamera","G",1387697311,1477984764,90287453,149.284809854497,18,77,0,0,0,NA,0,0,0,0,0,0,0,NA
"toopantip","artiya4u/toopantip","com.duckduckgo.mobile.android&amp","G",1327964759,1478080485,150115726,248.207218915344,133,1158,0,0,0,0,0,0,0,0,0,0,0,0
"transport-live","micdm/transport-live","com.micdm.transportlive","G",1392173049,1426604648,34431599,56.9305539021164,17,123,0,0,0,0,0,0,0,0,0,0,0,0
"tribbble","ItsSelina/tribbble","me.selinali.tribbble","G",1464488286,1469834245,5345959,8.83921792328042,8,73,0,0,NA,NA,0,0,0,0,NA,0,0,NA
"tribler-android","Tribler/tribler-android","org.tribler.mobile","F",1399018684,1436537158,37518474,62.0345138888889,16,1082,0,0,0,0,0,0,0,0,0,0,0,0
"true-sight-dota","dbdkmezz/true-sight-dota","com.carver.paul.truesight","G",1445756044,1491894967,46138923,76.2879017857143,23,233,0,0,0,0,0,0,0,0,0,0,0,0
"tsp-lexikon-android","bjerva/tsp-lexikon-android","com.bjerva.tsplex","G",1356098960,1364496380,8397420,13.884623015873,8,87,0,0,0,0,0,0,0,0,0,0,0,0
"tuberun_android","jpapayan/tuberun_android","com.papagiannis.tuberun","G",1319313890,1379367403,60053513,99.2948296957672,33,168,0,0,0,0,0,0,0,0,0,0,0,0
"uberpay-wallet","UberPay/uberpay-wallet","com.wStartChat","G",1440348333,1458831018,18482685,30.5599950396825,11,92,0,0,0,0,0,0,0,0,NA,0,0,NA
"urlevaluator","nicolassmith/urlevaluator","com.github.nicolassmith.urlevaluator","G",1359655902,1414287144,54631242,90.3294345238095,10,81,0,0,NA,NA,NA,NA,0,0,NA,NA,NA,NA
"vJoy","brookman/vJoy","eu32k.vJoy","G",1359989584,1388771014,28781430,47.5883432539683,12,70,0,0,0,0,0,0,0,0,0,NA,0,0
"vegdroid","thiemonagel/vegdroid","de.thiemonagel.vegdroid","G",1352460649,1366104563,13643914,22.5593816137566,9,150,0,0,0,NA,0,0,0,0,0,NA,0,NA
"vimtouch_adbshell","AaronDP/vimtouch_adbshell","net.momodalo.app.vimtouch","G",1347340940,1420165073,72824133,120.41027281746,30,266,0,0,0,0,0,0,0,0,0,0,0,0
"vnative-publisher-android","vNative/vnative-publisher-android","com.vnative.vnativepublisher","G",1482422925,1492746557,10323632,17.0694973544974,13,60,0,0,0,0,0,0,0,0,0,0,0,0
"vortex","fadelakin/vortex","com.fisheradelakin.vortex","F",1421293183,1430154097,8860914,14.6509821428571,8,76,0,0,0,NA,NA,0,0,0,NA,NA,0,NA
"votar","stephanepoinsart/votar","com.poinsart.votar","G",1363294869,1462913647,99618778,164.713587962963,9,27,0,0,0,0,NA,NA,0,0,0,NA,NA,NA
"wallet","btcontract/wallet","com.btcontract.wallet","G",1436980961,1491124947,54143986,89.5237863756614,14,73,0,0,NA,0,NA,NA,0,0,NA,NA,NA,0
"wear-notify-for-reddit","emmaguy/wear-notify-for-reddit","com.emmaguy.todayilearned","G",1406457409,1465639291,59181882,97.8536408730159,16,129,0,0,0,0,0,0,0,0,0,0,0,0
"whatsmyip-android","kt3kstudio/whatsmyip-android","com.kt3k.app.whatsmyip","G",1371730595,1416790922,45060327,74.5045089285714,9,165,0,0,NA,0,NA,NA,0,0,NA,NA,NA,0
"wimple","hallower/wimple","com.blogspot.charlie0301","G",1428154547,1490716371,62561824,103.442169312169,14,39,0,0,0,0,0,0,0,0,0,0,0,0
"wmg-android","loadrunner/wmg-android","ro.weednet.wmg","G",1326040390,1392574675,66534285,110.010391865079,18,85,0,0,0,0,0,0,0,0,0,0,0,0
"wordnerd-android","mikemilla/wordnerd-android","com.mikemilla.wordnerd","G",1427610460,1461811891,34201431,56.5499851190476,13,48,0,0,0,0,0,0,0,0,0,0,0,0
"workpage","jajimenez/workpage","jajimenez.workpage","G",1414348555,1477582027,63233472,104.552698412698,40,283,0,0,0,0,0,0,0,0,0,0,0,0
"workschedule","xisberto/workschedule","net.xisberto.work_schedule","G",1353768263,1404351298,50583035,83.6359705687831,20,209,0,0,0,NA,0,0,0,0,NA,0,0,NA
"wsandroid","warmshowers/wsandroid","fi.bitrite.android.ws","G",1327267389,1445985603,118718214,196.293343253968,28,350,0,0,0,0,0,0,0,0,0,0,0,0
"zulip-android","zulip/zulip-android","com.zulip.android","G",1350328607,1493318502,142989895,236.425090939153,61,710,0,0,0,0,0,0,0,0,0,0,0,0
